大类编码,大类名称,中类编码,中类名称,小类编码,小类名称,顾客编号,销售月份,销售数量,销售金额,商品单价
10,肉禽,1001,猪肉,100101,鲜猪肉,600212,201502.4782,0.580099248,15.48643609,27.37323308
10,肉禽,1001,猪肉,100102,猪下水,51874,201502.7692,0.682538462,21.67903846,31.93076923
10,肉禽,1001,猪肉,100103,猪肉丝馅片,46965,201503.2927,0.408634146,12.17731707,29.8
10,肉禽,1001,猪肉,100104,猪骨,144040,201502.3275,1.223157895,45.92935673,37.61520468
10,肉禽,1001,猪肉,100105,调味猪肉,12,201501,0.001,0.02,19.6
10,肉禽,1002,牛肉,100202,熟牛肉,23778,201502.4167,0.595583333,47.64666667,80
10,肉禽,1002,牛肉,100203,牛下水,9066,201502.7143,0.324285714,14.26857143,44
10,肉禽,1004,鸡产品,100401,整鸡,8771,201502.8,1.3,14.04,10.8
10,肉禽,1004,鸡产品,100402,分割鸡件,125081,201502.5141,0.608598592,17.66626761,28.27746479
10,肉禽,1004,鸡产品,100404,调味鸡肉,50733,201502.6338,0.465239437,9.118732394,19.6
10,肉禽,1005,鸭产品,100502,分割鸭件,3239,201502,0.9525,11.23875,11.8
10,肉禽,1005,鸭产品,100503,鸭内脏,868,201501,0.476,15.045,31.6
10,肉禽,1005,鸭产品,100504,加工鸭肉,10529,201502.2,0.5456,7.1985,17.65
10,肉禽,1006,腌腊制品,100601,腌腊畜类,1359,201502,1,24.9,24.9
10,肉禽,1006,腌腊制品,100604,腌腊香肠,11566,201502.0909,0.742181818,21.51090909,31.77272727
10,肉禽,1007,加工肉类,100703,冷冻畜类,1244,201501,3.139,124.305,39.6
10,肉禽,1007,加工肉类,100705,冷冻加工肉类,244,201501,0.179,4.62,25.8
10,肉禽,1099,肉禽原料,109903,肉禽包装原料,7068,201501.9,0.341,9.549,28
11,水产,1101,冰鲜水产,110104,海水冰鲜,12901,201503.8889,0.582444444,16.28222222,25.63333333
11,水产,1101,冰鲜水产,110106,虾类,7634,201503.3333,1,22.95,22.95
11,水产,1101,冰鲜水产,110107,贝蛤类,61929,201502.6232,0.572536232,17.02811594,29.57971014
11,水产,1102,冷冻水产,110201,冷冻海鱼,44670,201503.3158,1.097342105,13.46342105,12.16210526
11,水产,1102,冷冻水产,110203,冷冻虾蟹,9982,201502.6,0.465866667,14.81333333,31.8
11,水产,1102,冷冻水产,110204,冷冻软足体,7415,201502.6923,0.635076923,6.379230769,7.953846154
11,水产,1103,干货水产,110301,干货鱼类,10274,201502.3333,0.778833333,17.61416667,22.88333333
11,水产,1103,干货水产,110302,干货虾蟹贝类,15092,201502.7,0.3066,10.32,34.92
11,水产,1103,干货水产,110304,干货软足类,1849,201504,0.212,0.21,1
11,水产,1104,加工水产,110402,水产配菜,7462,201502.7778,1,14.25,14.25
12,蔬果,1201,蔬菜,120101,叶菜,1627021,201502.4309,0.643540474,2.779935834,5.442161895
12,蔬果,1201,蔬菜,120102,根茎,2337423,201502.4437,0.626893737,4.431935257,7.465193526
12,蔬果,1201,蔬菜,120103,芽菜,225733,201502.4412,0.478845588,0.910441176,1.873382353
12,蔬果,1201,蔬菜,120104,花果,2419679,201502.5843,0.57937332,2.781630472,5.458386763
12,蔬果,1201,蔬菜,120105,鲜调味,582323,201502.5866,0.374407463,2.709716418,8.10158209
12,蔬果,1201,蔬菜,120106,菌菇类,637189,201502.301,0.396539312,5.095810811,13.32030713
12,蔬果,1201,蔬菜,120107,有机蔬菜,103892,201502.1511,0.533769784,2.737913669,5
12,蔬果,1201,蔬菜,120109,其它蔬菜,135623,201502.0209,1.863575916,7.502722513,8.215497382
12,蔬果,1202,加工豆类,120201,豆腐,386859,201502.2347,1.196836735,2.281367347,2.175795918
12,蔬果,1202,加工豆类,120204,豆干豆皮,219641,201502.365,0.293855513,2.271330798,7.792547529
12,蔬果,1202,加工豆类,120205,豆类料理,117243,201502.4932,0.650815068,4.913767123,13.99863014
12,蔬果,1203,水果,120301,柑桔柚类,252632,201501.6893,1.116033943,6.797780679,6.323759791
12,蔬果,1203,水果,120302,苹果类,400900,201502.3304,1.476286957,20.73334783,14.36817391
12,蔬果,1203,水果,120303,梨类,277021,201502.326,1.326052055,9.303534247,7.27709589
12,蔬果,1203,水果,120304,葡萄类,763,201503,0.358,1.79,4.99
12,蔬果,1203,水果,120305,瓜类,108527,201503.2642,1.37254717,12.31283019,11.18075472
12,蔬果,1203,水果,120306,桃/李类,268300,201503.1737,0.723482625,14.04610039,20.1557529
12,蔬果,1203,水果,120307,蕉类,408480,201502.6052,1.435433839,8.93362256,6.282646421
12,蔬果,1203,水果,120309,进口水果,321340,201502.3715,1.018343511,18.76620865,19.40101781
12,蔬果,1203,水果,120310,水果礼盒,7921,201502,1,43.16363636,48.18181818
12,蔬果,1203,水果,120313,其它水果,736941,201502.921,0.764244586,14.82713376,21.01689172
12,蔬果,1203,水果,120314,网络水果,1728,201504,0.804,41.87,52.08
12,蔬果,1205,其它加工,120501,咸菜干货,114382,201502.1013,0.507791139,2.734240506,9.518987342
12,蔬果,1205,其它加工,120502,花茶养生药材,250,201504,0.084,23.52,280
13,熟食,1301,凉拌熟食,130101,凉拌素食,242305,201502.4639,0.359072243,7.181444867,20
13,熟食,1301,凉拌熟食,130102,凉拌荤食,16192,201501.9474,0.512842105,18.25842105,35.6
13,熟食,1302,卤制熟食,130201,卤制畜类,84500,201502.41,0.2623,19.5354,74.38
13,熟食,1306,中式熟菜,130603,中式水产熟菜,47899,201502.5246,0.279508197,7.82704918,28
13,熟食,1308,现制中式面点,130801,现制蒸类,271985,201502.6746,1.575429851,3.077701493,4.47761194
13,熟食,1308,现制中式面点,130803,现制烙类,86482,201502.6095,2.257142857,2.257142857,1
13,熟食,1308,现制中式面点,130805,现制面点,2840,201504,0.529,2.645,5
14,烘焙,1402,现制中式糕点,140206,酥皮类,1286,201503,0.301,0.3,1
14,烘焙,1403,现制西式糕点,140301,现制西式糕点,9346,201501.4375,0.430875,6.89375,16
15,日配,1501,冷藏肉制品,150101,香肠类,124173,201502.5115,1.366412214,9.641221374,9.841984733
15,日配,1501,冷藏肉制品,150102,棒状火腿,50398,201502.4423,1,12.175,12.97692308
15,日配,1501,冷藏肉制品,150103,块状火腿,29391,201502.625,1,7.85,8.2875
15,日配,1501,冷藏肉制品,150104,片状火腿,16377,201502.6842,1,13.52105263,13.56315789
15,日配,1501,冷藏肉制品,150105,肉类,51756,201502.4,1.018181818,14.61818182,16.32545455
15,日配,1501,冷藏肉制品,150199,其它肠类,38538,201502.3478,1.260869565,10.44782609,9.630434783
15,日配,1502,冷藏豆制类,150202,冷藏豆干类,6705,201502.6667,1,3.5,3.7
15,日配,1502,冷藏豆制类,150203,冷藏素食类,1931,201504,1,7.7,7.7
15,日配,1503,冷藏料理,150301,冷藏畜类,1432,201502,1,23.7,23.7
15,日配,1503,冷藏料理,150302,冷藏禽类,38022,201502.6,1.466666667,78.84,45.90666667
15,日配,1503,冷藏料理,150303,冷藏海鲜类,1415,201502,1,20.3,20.3
15,日配,1503,冷藏料理,150304,冷藏腌泡菜,4662,201501.1667,1,19.3,19.3
15,日配,1503,冷藏料理,150305,冷藏面食类,20323,201502.125,1.125,8.854166667,8.216666667
15,日配,1504,冷藏奶油芝士,150404,奶酪,28114,201502.6207,1,15.75172414,15.75172414
15,日配,1505,冷藏乳品,150501,冷藏原味酸乳,232231,201502.7333,1.72962963,9.42037037,9.424074074
15,日配,1505,冷藏乳品,150502,冷藏加味酸乳,133184,201502.62,2.773333333,11.68666667,9.942
15,日配,1505,冷藏乳品,150503,冷藏果粒酸乳,134153,201502.6463,1.027210884,8.714965986,8.72585034
15,日配,1505,冷藏乳品,150504,冷藏乳酸菌,388728,201502.7069,1.054187192,9.565024631,11.08940887
15,日配,1505,冷藏乳品,150505,冷藏营养酸乳,94971,201502.4643,1.160714286,9.822321429,9.482142857
15,日配,1505,冷藏乳品,150506,冷藏原味鲜乳,55072,201502.322,1.050847458,9.030508475,13.22033898
15,日配,1505,冷藏乳品,150507,冷藏低脂鲜乳,635,201501,1,11.9,11.9
15,日配,1505,冷藏乳品,150508,冷藏营养鲜乳,457,201501,1,2.9,4.5
15,日配,1505,冷藏乳品,150509,冷藏进口乳品,4201,201502.6667,1,9.066666667,9.066666667
15,日配,1505,冷藏乳品,150599,其它冷藏乳品,24343,201502.375,1.083333333,4.933333333,5.5
15,日配,1508,冷冻点心,150801,冷冻面食,53009,201502.7091,1,13.73818182,15.28909091
15,日配,1508,冷冻点心,150802,冷冻年糕,32166,201502.18,1.02,6.57,6.484
15,日配,1508,冷冻点心,150805,冷冻南瓜饼,60,201504,1,8.9,8.9
15,日配,1508,冷冻点心,150806,冷冻酒酿,1833,201503,1,5.7,5.7
15,日配,1508,冷冻点心,150899,其它冷冻点心,2170,201502,1,8.3,8.3
15,日配,1509,冷冻蔬菜肉品,150902,冷冻禽类,2810,201503.6667,1,20.96666667,22.5
15,日配,1509,冷冻蔬菜肉品,150904,冷冻蔬菜类,6003,201502.8333,1,9.566666667,9.566666667
15,日配,1509,冷冻蔬菜肉品,150999,其它冷冻蔬肉,538,201503,1,22.9,22.9
15,日配,1510,冷冻水饺,151002,三鲜水饺,10599,201502.7273,1,28.04545455,29.11818182
15,日配,1510,冷冻水饺,151003,菜肉水饺,25595,201502.36,1.12,19.224,20.084
15,日配,1510,冷冻水饺,151004,素馅水饺,2160,201502.3333,1,31.56666667,31.7
15,日配,1510,冷冻水饺,151005,海鲜水饺,2812,201501.3333,1,40.9,40.9
15,日配,1510,冷冻水饺,151099,其它水饺,84685,201502.4938,1.135802469,9.195061728,8.732098765
15,日配,1511,冷冻馄饨,151103,菜肉馄饨,6720,201503,1,15.02,15.02
15,日配,1511,冷冻馄饨,151199,其它馄饨,4452,201501.5714,1,7.3,7.3
15,日配,1512,冷冻汤圆,151201,黑芝麻汤圆,1550,201501,1,6.033333333,6.033333333
15,日配,1512,冷冻汤圆,151206,无馅汤圆,7473,201502.2,1,4.9,4.9
15,日配,1512,冷冻汤圆,151299,其它汤圆,62520,201502.0946,1,8.640540541,9.8
15,日配,1513,冷冻包子馒头,151301,甜馅包子,16028,201502.7273,1,7.790909091,8.190909091
15,日配,1513,冷冻包子馒头,151302,咸馅包子,4388,201501.75,1,17.7,19.3
15,日配,1513,冷冻包子馒头,151304,原味馒头,15999,201502.619,1.142857143,4.39047619,4.3
15,日配,1513,冷冻包子馒头,151305,加味馒头,1184,201502.5,1,8.9,8.9
15,日配,1513,冷冻包子馒头,151399,其它包子馒头,9422,201503,1,13.04285714,14.3
15,日配,1514,微波食品,151499,其它微波食品,756,201503,1,10.3,10.3
15,日配,1515,冷冻火锅类,151501,肉片/串类,13997,201502.3125,1.0625,33.84375,32.4125
15,日配,1515,冷冻火锅类,151503,火锅丸类,55170,201502.3194,0.526916667,15.12944444,32.6
15,日配,1516,冰品,151602,甜筒,8613,201504,1,4,4
15,日配,1516,冰品,151603,奶杯,3905,201504,1,6.5,6.5
15,日配,1516,冰品,151604,雪糕,5566,201504,1,4.333333333,4.333333333
15,日配,1516,冰品,151605,冰棒,3096,201504,1,2.166666667,2.166666667
15,日配,1517,常温肉制品,151701,猪肉火腿肠,246520,201502.2464,1.078571429,11.74928571,12.68678571
15,日配,1517,常温肉制品,151703,鸡肉火腿肠,7342,201503.25,1,5.9,7.7
15,日配,1517,常温肉制品,151704,蔬菜火腿肠,45736,201502.7826,1,8.758695652,9.517391304
15,日配,1517,常温肉制品,151799,其它火腿肠,30902,201503.1111,1,10.35185185,12.26296296
15,日配,1518,常温乳品,151801,利乐砖纯奶,194280,201502.3068,12.95454545,58.06875,26.67386364
15,日配,1518,常温乳品,151802,利乐砖加味奶,148134,201502.6613,6.177419355,23.56129032,6.955645161
15,日配,1518,常温乳品,151803,利乐砖营养奶,141019,201502.6299,5.669291339,53.10708661,36.1503937
15,日配,1518,常温乳品,151804,利乐砖酸酸乳,121369,201502.7881,4.220338983,29.49661017,19.76016949
15,日配,1518,常温乳品,151805,利乐枕纯奶,114092,201502.566,13.11320755,28.86226415,2.7
15,日配,1518,常温乳品,151806,利乐枕加味奶,68899,201502.5479,8.863013699,19.48493151,2.8
15,日配,1518,常温乳品,151807,利乐枕营养奶,10604,201501.6,13.7,36.89,2.8
15,日配,1518,常温乳品,151809,百利包纯奶,55726,201502.451,8.921568627,16.30588235,2.1
15,日配,1518,常温乳品,151810,百利包加味奶,46362,201502.525,6.925,14.72,2.0975
15,日配,1518,常温乳品,151811,百利包营养奶,3983,201502,12.25,20.725,2.2
15,日配,1518,常温乳品,151813,利乐砖乳酸菌,165158,201502.4969,10.96855346,48.15974843,5.477987421
15,日配,1518,常温乳品,151899,其他常温乳品,55540,201502.6,5.945454545,22.04727273,6.043636364
15,日配,1519,外送面包糕点,151901,外送咸面包,14332,201502.6875,1.125,2.5875,2.3
15,日配,1519,外送面包糕点,151902,外送甜面包,73858,201502.5526,0.591236842,6.462631579,13.75789474
15,日配,1519,外送面包糕点,151903,外送调理面包,6938,201503.5,1,5.25,5.3
15,日配,1519,外送面包糕点,151904,外送中式糕点,98303,201501.9583,1.375,10.41041667,9.129166667
15,日配,1519,外送面包糕点,151905,外送西式糕点,8303,201503.4286,1,4.3,4.3
15,日配,1521,蛋类,152101,新鲜蛋品,809534,201502.4008,1.145905447,13.04268243,11.50367934
15,日配,1521,蛋类,152103,松花蛋,13881,201502.0476,0.697714286,13.11619048,19.31428571
15,日配,1521,蛋类,152104,咸蛋,25238,201502.4571,0.725257143,12.33571429,21.29428571
20,粮油,2001,袋装速食面,200101,牛肉口味,58202,201501.971,1.057971014,3.053623188,2.95942029
20,粮油,2001,袋装速食面,200102,猪肉口味,9127,201501.7857,1.071428571,3.428571429,3.25
20,粮油,2001,袋装速食面,200103,禽肉口味,10695,201501.9167,1,2.958333333,3
20,粮油,2001,袋装速食面,200104,海鲜口味,13518,201502,1.2,3.533333333,3
20,粮油,2001,袋装速食面,200105,干脆面,133327,201502.5417,1.583333333,0.902777778,0.614583333
20,粮油,2001,袋装速食面,200199,其他袋装面,32684,201502.2286,3.771428571,6.608571429,3.491428571
20,粮油,2002,袋装速食面组,200201,牛肉口味,102632,201502.3986,1.034965035,14.61958042,14.90909091
20,粮油,2002,袋装速食面组,200202,猪肉口味,22125,201502.1786,1,16.71071429,17.45357143
20,粮油,2002,袋装速食面组,200203,禽肉口味,10591,201502.2143,1,10.08571429,10.21428571
20,粮油,2002,袋装速食面组,200204,海鲜口味,27115,201502.24,1,13.988,15.148
20,粮油,2002,袋装速食面组,200299,其他袋装面组,10261,201502.0588,1,15.13529412,15.13529412
20,粮油,2003,桶杯装速食面,200301,牛肉口味,76486,201502.0404,1.141414141,4.901010101,4.522222222
20,粮油,2003,桶杯装速食面,200302,猪肉口味,7648,201502.9,1.3,7.15,5.44
20,粮油,2003,桶杯装速食面,200303,禽肉口味,7296,201502.5,1,3.975,4.6
20,粮油,2003,桶杯装速食面,200304,海鲜口味,12390,201502.2308,1,3.907692308,3.907692308
20,粮油,2003,桶杯装速食面,200399,其他桶杯装面,3065,201502.6,1,5.82,5.82
20,粮油,2004,即食制品,200401,粉类米线,2550,201504,30,111,3.7
20,粮油,2004,即食制品,200402,即食粥,1757,201503,1,3.7,3.7
20,粮油,2004,即食制品,200499,其它既食制品,2265,201504,1,3.9,3.9
20,粮油,2005,煮食面/粉,200501,挂面,191147,201502.3715,1.162055336,6.319367589,5.946640316
20,粮油,2005,煮食面/粉,200502,杂粮挂面,16888,201502.36,1.08,9.268,8.732
20,粮油,2005,煮食面/粉,200503,儿童挂面,9856,201502.8182,1,7.318181818,7.318181818
20,粮油,2005,煮食面/粉,200505,鸡蛋挂面,47548,201502.9167,1.0625,5.095833333,5.391666667
20,粮油,2005,煮食面/粉,200506,蔬菜挂面,5072,201502.4,1,5.96,5.98
20,粮油,2005,煮食面/粉,200508,意大利面,862,201501.3333,1,13.63333333,13.63333333
20,粮油,2005,煮食面/粉,200599,其他煮食面/粉,68525,201502.3898,0.544677966,4.380338983,10.05932203
20,粮油,2006,五谷杂粮,200601,散称白米,115254,201502.2909,4.488393939,22.20975758,5.165575758
20,粮油,2006,五谷杂粮,200602,袋装白米,59930,201502.0714,1.028571429,48.01714286,48.35857143
20,粮油,2006,五谷杂粮,200603,常规面粉,70662,201502.1563,1.03125,23.80729167,25.46875
20,粮油,2006,五谷杂粮,200604,糯米粉,31299,201502.3333,1.7,12.16333333,7.9
20,粮油,2006,五谷杂粮,200605,饺子粉,11007,201502.0526,1,30.34210526,30.71052632
20,粮油,2006,五谷杂粮,200606,豆,35596,201501.9535,1.048651163,14.01790698,13.37906977
20,粮油,2006,五谷杂粮,200607,杂粮,114069,201501.9416,0.928445255,10.91459854,12.43678832
20,粮油,2006,五谷杂粮,200608,杂粮粉,40208,201502.2963,0.981037037,4.649814815,4.87
20,粮油,2006,五谷杂粮,200609,泰国香米,1836,201503,1,69,69
20,粮油,2006,五谷杂粮,200699,其他五谷杂粮,348,201502,3,53.7,18.9
20,粮油,2007,南北干货,200701,木耳,24835,201502.0455,0.251090909,14.83204545,84.34090909
20,粮油,2007,南北干货,200702,银耳,14133,201501.7,0.5612,14.422,58.95
20,粮油,2007,南北干货,200703,菇类,9969,201502.2727,0.462727273,18.68727273,85.30909091
20,粮油,2007,南北干货,200704,蔬菜,28688,201501.575,0.4811,11.6865,43.2025
20,粮油,2007,南北干货,200705,桂圆,30205,201501.8205,0.806717949,15.17666667,21.76666667
20,粮油,2007,南北干货,200706,红枣,46500,201502.1507,0.725917808,15.69945205,31.1
20,粮油,2007,南北干货,200707,蜜枣,1190,201502.5,0.838,12.29,17.6
20,粮油,2007,南北干货,200708,干果,15185,201501.9474,1,23.43157895,23.45789474
20,粮油,2007,南北干货,200709,粉丝/条,74900,201502.0392,0.899294118,5.251862745,7.251960784
20,粮油,2007,南北干货,200710,南北货礼盒,748,201502,1,26.9,30.9
20,粮油,2007,南北干货,200711,豆制品,22969,201502.6522,0.197478261,4.143913043,21.17391304
20,粮油,2007,南北干货,200799,其他南北干货,6688,201502,0.1904,13.328,70
20,粮油,2008,调味料,200801,99%味精,30595,201502.4595,1.135135135,4.913513514,4.554054054
20,粮油,2008,调味料,200802,80%味精,7447,201501.9333,1.2,3.166666667,2.833333333
20,粮油,2008,调味料,200803,鸡精,75387,201502.3036,1,7.073214286,7.264285714
20,粮油,2008,调味料,200804,其他鲜味精,20817,201502.2174,1,7.382608696,7.382608696
20,粮油,2008,调味料,200805,香辛粉,113644,201502.4298,1.115702479,5.733057851,5.547107438
20,粮油,2008,调味料,200806,香辛料,61021,201502.3699,0.708712329,3.678767123,11.62328767
20,粮油,2008,调味料,200807,调理粉,55149,201502.4531,1.03125,4.5546875,4.478125
20,粮油,2008,调味料,200808,包装汤料,2176,201502.3333,1,6.1,6.1
20,粮油,2008,调味料,200809,淀/酵/碱粉,70332,201502.2796,1.333333333,2.689247312,2.268817204
20,粮油,2008,调味料,200811,即食汤料,3790,201501.4286,1,11.15714286,11.15714286
20,粮油,2008,调味料,200899,其他调味料,587,201501.6667,1,8.9,8.9
20,粮油,2009,盐/糖,200901,普通盐,3980,201501.6667,1.333333333,2,1.5
20,粮油,2009,盐/糖,200902,功能盐,214385,201502.3399,1.272727273,3.272332016,2.574703557
20,粮油,2009,盐/糖,200903,绵白糖,92085,201502.3535,1.151515152,7.728282828,6.794949495
20,粮油,2009,盐/糖,200904,白砂糖,4110,201502.5,1,7.966666667,8
20,粮油,2009,盐/糖,200905,红糖,17994,201502.2727,1.045454545,6.05,5.872727273
20,粮油,2009,盐/糖,200906,冰糖,44863,201502.2449,1.102040816,7.653061224,7.344897959
20,粮油,2009,盐/糖,200907,功能糖,23277,201502.4444,1,9.174074074,9.174074074
20,粮油,2009,盐/糖,200999,其他盐/糖,5123,201501.5,1,11.7,11.7
20,粮油,2010,食用油,201001,大豆油,24459,201502.4545,1.136363636,43.06818182,40.80909091
20,粮油,2010,食用油,201002,调和油,41574,201502.5,1.086956522,63.91304348,67.36086957
20,粮油,2010,食用油,201003,花生油,52997,201502.1296,1.074074074,113.4074074,116.8240741
20,粮油,2010,食用油,201004,玉米油,38906,201502.1282,1,61.75897436,68.25384615
20,粮油,2010,食用油,201005,葵花籽油,4013,201502,1,57.62,64.82
20,粮油,2010,食用油,201006,橄榄油,1702,201501.5,1,41.9,41.9
20,粮油,2010,食用油,201007,菜籽油,145,201504,1,89,89
20,粮油,2010,食用油,201008,山茶油/野茶油,87,201501,1,87.9,87.9
20,粮油,2011,液体调料,201101,老抽酱油,76857,201502.3735,1,6.819277108,6.902409639
20,粮油,2011,液体调料,201102,生抽酱油,108729,201502.6341,1.138211382,9.099186992,10.01056911
20,粮油,2011,液体调料,201103,凉拌酱油,127475,201502.5974,1.285714286,7.111688312,7.5
20,粮油,2011,液体调料,201104,其他酱油,67021,201502.6848,3.206521739,14.2,10.93478261
20,粮油,2011,液体调料,201105,香醋,32467,201502.4324,1,4.932432432,5.105405405
20,粮油,2011,液体调料,201106,陈醋,17885,201502.2273,1.045454545,3.986363636,3.927272727
20,粮油,2011,液体调料,201107,滴醋,177527,201502.5231,1.01025641,5.545641026,5.472307692
20,粮油,2011,液体调料,201108,米醋,5226,201502.5714,1.142857143,8.442857143,7.914285714
20,粮油,2011,液体调料,201109,白醋,28241,201502.0741,1.222222222,3.611111111,3.011111111
20,粮油,2011,液体调料,201110,其他醋,11179,201502.3846,1,5.976923077,6.9
20,粮油,2011,液体调料,201111,料酒,196550,201502.3147,1.060344828,4.384051724,4.420689655
20,粮油,2011,液体调料,201112,槽/醉料,10406,201502.0909,1.727272727,10.82727273,6.536363636
20,粮油,2011,液体调料,201199,其他液体调料,10813,201502.7,1,6.52,6.54
20,粮油,2012,调味油,201201,芝麻油,43120,201502.4667,1,13.78,14.06888889
20,粮油,2012,调味油,201202,辣油,1523,201502,1,9.9,9.9
20,粮油,2012,调味油,201203,花椒油,863,201503,1,8.5,8.5
20,粮油,2012,调味油,201299,其它调味油,31446,201502.5429,1,6.734285714,6.791428571
20,粮油,2013,调味酱,201301,番茄酱,53732,201502.64,1,6.724,6.88
20,粮油,2013,调味酱,201302,辣酱,180026,201502.4667,1.019047619,8.394761905,8.484761905
20,粮油,2013,调味酱,201303,火锅底料,45916,201502.1915,1,8.553191489,8.789361702
20,粮油,2013,调味酱,201304,色拉酱,13592,201502.6316,1,10.32105263,10.74210526
20,粮油,2013,调味酱,201305,芥末酱,5388,201503.3333,1,6.9,6.9
20,粮油,2013,调味酱,201306,甜面/豆瓣酱,85125,201502.2233,1,5.201941748,5.266019417
20,粮油,2013,调味酱,201307,芝/花生调酱,13084,201502.5,1,10.5,10.5
20,粮油,2013,调味酱,201399,其他调味酱,28895,201502.6154,1.038461538,10.23461538,10.13846154
20,粮油,2014,酱菜类,201401,榨菜,324145,201502.4251,1.896457766,1.895912807,1.229155313
20,粮油,2014,酱菜类,201402,瓜类,20649,201502.375,1.125,6.791666667,6.208333333
20,粮油,2014,酱菜类,201403,笋类,53434,201502.3529,1.25,2.980882353,2.535294118
20,粮油,2014,酱菜类,201404,蔬菜,101259,201502.3542,1.277777778,4.782638889,4.322916667
20,粮油,2014,酱菜类,201405,腐乳,52725,201502.3919,1,6.752702703,7.210810811
20,粮油,2014,酱菜类,201499,其它酱菜,54189,201502.45,0.429433333,2.9575,9.305
20,粮油,2015,罐头,201501,八宝粥,124466,201502.3391,5.173913043,19.68086957,6.092173913
20,粮油,2015,罐头,201502,水果罐头,74676,201502.3797,1.075949367,9.735443038,9.955696203
20,粮油,2015,罐头,201503,蔬菜罐头,11162,201502.1667,1,8.166666667,8.6
20,粮油,2015,罐头,201504,鱼类罐头,11926,201501.7333,1,10.64666667,10.64666667
20,粮油,2015,罐头,201505,肉类罐头,54118,201502.3091,1.127272727,13.58181818,12.82727273
21,冲调,2101,奶粉,210103,幼儿奶粉,3826,201503,1,50.68888889,50.68888889
21,冲调,2101,奶粉,210104,儿童奶粉,439,201502,1,62,62
21,冲调,2101,奶粉,210105,婴幼儿米粉,543,201501,1,25.9,25.9
21,冲调,2101,奶粉,210106,婴儿辅助食品,6266,201502.9,1,7,7
21,冲调,2101,奶粉,210107,全脂奶粉,11117,201502.2143,1,27.32857143,28.47142857
21,冲调,2101,奶粉,210108,低/脱脂奶粉,1215,201501,1,39,39
21,冲调,2101,奶粉,210109,营养奶粉,2888,201502.25,1,20.9,20.9
21,冲调,2101,奶粉,210110,孕妇奶粉,724,201501,1,62,62
21,冲调,2101,奶粉,210111,中老年奶粉,3243,201502.1429,1,40.42857143,40.42857143
21,冲调,2101,奶粉,210199,其他成人奶粉,5534,201502.375,1,34.8,36
21,冲调,2102,茶叶,210202,包装茶,18002,201502.2308,1.076923077,14.3,13.45384615
21,冲调,2103,咖啡,210301,咖啡,47507,201502.2727,1,14.95818182,16.20545455
21,冲调,2103,咖啡,210302,炼乳,4747,201503.6,1,12.9,12.9
21,冲调,2103,咖啡,210303,咖啡伴侣,5432,201503,1,15.78,15.78
21,冲调,2104,冲饮品,210401,果味饮品,3508,201502.5,1,9.733333333,9.733333333
21,冲调,2104,冲饮品,210402,奶茶饮品,81978,201502.1092,1.084033613,4.527731092,4.294117647
21,冲调,2104,冲饮品,210499,其他冲饮品,4652,201502,1,18.02,18.02
21,冲调,2105,冲调食品,210501,麦片/粉,67773,201502.3676,1,21.99411765,24.57058824
21,冲调,2105,冲调食品,210502,豆奶粉,39620,201502.1613,1,16.29354839,18.21612903
21,冲调,2105,冲调食品,210503,芝麻糊,40650,201502.0222,1,18.17555556,20.84666667
21,冲调,2105,冲调食品,210504,藕/葛藤粉,22342,201501.8636,1,25.72272727,27.87727273
21,冲调,2105,冲调食品,210505,核桃粉/糊,32565,201502.4583,1,42.38333333,49.54166667
21,冲调,2105,冲调食品,210506,莲子/桂圆_,8254,201502,1,23.05555556,26.35555556
21,冲调,2105,冲调食品,210507,冲调食品礼盒,16560,201502.1765,1,62.87647059,66.43529412
21,冲调,2105,冲调食品,210599,其他冲调食品,3983,201501.75,1,21.25,21.25
21,冲调,2106,蜂蜜/面包酱,210601,蜂蜜,62026,201502.2545,1.018181818,37.72909091,41.66909091
21,冲调,2106,蜂蜜/面包酱,210603,面包酱,7153,201503.8,1,8.46,8.46
21,冲调,2106,蜂蜜/面包酱,210699,其他蜂蜜/面包,10932,201502.9,1,28.1,36.74
21,冲调,2107,滋补营养品,210701,参制品,1925,201502,1,118,153
21,冲调,2107,滋补营养品,210704,功能保健品,10783,201501.9091,1.090909091,128.2727273,115.1818182
21,冲调,2107,滋补营养品,210705,补钙/铁/锌,710,201502,1.333333333,109.2,81.9
21,冲调,2108,无糖食品,210801,无糖食品,2708,201504,1,25.8,25.8
22,休闲,2201,饼干,220101,苏打,64693,201502.4198,1.074074074,3.904938272,4.188888889
22,休闲,2201,饼干,220102,夹心,233826,201502.3843,1.016528926,6.694628099,6.589256198
22,休闲,2201,饼干,220103,威化,34658,201501.775,0.6144,8.92975,17.405
22,休闲,2201,饼干,220104,曲奇,68692,201502.4079,0.938368421,7.630263158,12.97105263
22,休闲,2201,饼干,220105,低糖/无糖,3279,201503.5,1.75,9.625,5.5
22,休闲,2201,饼干,220106,钙奶,255831,201502.4091,1.151515152,7.184469697,6.465151515
22,休闲,2201,饼干,220107,酥性,92372,201502.3143,0.676171429,6.249809524,14.36952381
22,休闲,2201,饼干,220108,粗粮/蔬菜,58461,201502.4697,1.045454545,6.521212121,6.527272727
22,休闲,2201,饼干,220109,薄脆,55915,201502.74,1.22,5.714,4.924
22,休闲,2201,饼干,220110,简装/压缩,54202,201502.3065,0.372451613,2.950483871,16.31774194
22,休闲,2201,饼干,220111,趣味/休闲,356504,201502.5481,1.007792208,5.363116883,5.427012987
22,休闲,2201,饼干,220112,饼干礼盒,61033,201502.2063,1,35.91269841,39.13492063
22,休闲,2201,饼干,220113,进口饼干,38141,201502.6047,1.023255814,17.22093023,18.22325581
22,休闲,2201,饼干,220114,早餐饼,1108,201502,1,6.9,6.9
22,休闲,2201,饼干,220115,散称饼干,10213,201501.5833,0.280833333,3.888333333,19.8
22,休闲,2201,饼干,220199,其他饼干,100306,201502.4906,0.569924528,11.09188679,34.03962264
22,休闲,2202,糕点,220201,派,110068,201502.1111,1.007936508,10.28730159,12.13174603
22,休闲,2202,糕点,220202,蛋糕,203325,201502.3962,0.637028302,10.53490566,30.65188679
22,休闲,2202,糕点,220203,蛋卷,55571,201502.3462,1.057692308,5.734615385,5.446153846
22,休闲,2202,糕点,220204,沙琪玛,85747,201502.5679,0.963506173,10.8362963,12.70740741
22,休闲,2202,糕点,220205,中式糕点,379010,201502.7606,0.553664894,7.564547872,22.24015957
22,休闲,2202,糕点,220206,煎饼,45731,201502.7317,1,6.587804878,7.002439024
22,休闲,2202,糕点,220207,糕点礼盒,2736,201502,1.333333333,44.56666667,32.56666667
22,休闲,2202,糕点,220208,散称糕点,432698,201502.556,0.321502075,7.268174274,31.87904564
22,休闲,2202,糕点,220298,进口糕点,19233,201503.1739,1,14.50869565,15.55217391
22,休闲,2202,糕点,220299,其他糕点,195490,201502.3427,0.763070423,7.516056338,16.88779343
22,休闲,2203,膨化点心,220301,米制点心,226791,201502.2445,0.838296943,8.303580786,14.26200873
22,休闲,2203,膨化点心,220302,袋装薯片,634468,201502.4523,1.008130106,4.303509834,4.68290469
22,休闲,2203,膨化点心,220303,罐装薯片,37374,201502.1538,1,8.848717949,8.858974359
22,休闲,2203,膨化点心,220304,薯条,57895,201502.4386,1.035087719,4.675438596,4.689473684
22,休闲,2203,膨化点心,220305,粟米类,59156,201502.3333,1,3.515277778,3.533333333
22,休闲,2203,膨化点心,220306,综合包,90663,201502.0119,1.19047619,41.07738095,37.61428571
22,休闲,2203,膨化点心,220307,进口膨化,30639,201502.6333,0.969266667,10.51066667,12.76333333
22,休闲,2203,膨化点心,220308,散称膨化,10792,201502.1429,0.208571429,10.86571429,55.8
22,休闲,2203,膨化点心,220399,其他膨化点心,261736,201502.4695,1.014336918,3.275985663,3.264874552
22,休闲,2204,蜜饯,220401,葡萄干,44792,201501.7541,0.689508197,12.51,26.04262295
22,休闲,2204,蜜饯,220402,枣,61448,201502.6842,0.953438596,13.62824561,17.18070175
22,休闲,2204,蜜饯,220403,梅,120789,201502.5207,0.841289256,8.249834711,16.68760331
22,休闲,2204,蜜饯,220405,山楂,197824,201502.5124,0.934835821,6.573432836,9.478109453
22,休闲,2204,蜜饯,220406,地瓜,18219,201502.0526,0.662842105,6.591578947,15.66315789
22,休闲,2204,蜜饯,220408,陈皮/加应子,8461,201503,1,4.9,4.9
22,休闲,2204,蜜饯,220409,果蔬干,24854,201502.4118,1.147058824,11.09117647,10.66470588
22,休闲,2204,蜜饯,220499,其他蜜饯,118755,201503.1491,0.597666667,6.005877193,15.39912281
22,休闲,2205,炒货,220501,核桃/肉,22398,201502.2609,0.720521739,22.72347826,34.33043478
22,休闲,2205,炒货,220502,带壳花生,81482,201501.8103,0.716293103,7.130862069,11.23534483
22,休闲,2205,炒货,220503,去壳花生,46186,201502.8367,0.921102041,4.572653061,7.155102041
22,休闲,2205,炒货,220504,开心果,23584,201502.3824,0.733823529,20.55705882,49.86470588
22,休闲,2205,炒货,220505,腰果,3129,201501.8,1,26.3,26.3
22,休闲,2205,炒货,220506,杏仁,8158,201502.5833,1,17.65,18.71666667
22,休闲,2205,炒货,220507,果片,9082,201502.7778,1,5.566666667,5.566666667
22,休闲,2205,炒货,220508,松子,23913,201501.8387,0.346967742,27.81870968,95.28064516
22,休闲,2205,炒货,220510,地瓜干,8641,201502.7778,1,5.144444444,5.255555556
22,休闲,2205,炒货,220511,锅巴,31471,201502.6452,1.064516129,3.377419355,3.293548387
22,休闲,2205,炒货,220512,豆类,167519,201502.6358,0.663851852,4.507222222,13.17098765
22,休闲,2205,炒货,220513,香瓜子,327521,201502.2407,0.928603175,6.084047619,8.034391534
22,休闲,2205,炒货,220514,西瓜子,41479,201502.2667,0.991111111,11.76666667,16.09555556
22,休闲,2205,炒货,220515,南瓜子,38692,201502.28,1,8.84,8.992
22,休闲,2205,炒货,220599,其他炒货,118752,201502.3893,0.469068702,8.907938931,35.63816794
22,休闲,2206,即食熟制品,220601,牛肉干,114790,201502.4206,1.028037383,12.65327103,12.69813084
22,休闲,2206,即食熟制品,220602,猪肉干,30937,201502.2692,1,12.12307692,12.36923077
22,休闲,2206,即食熟制品,220603,禽肉,94517,201502.87,1.46514,7.1329,7.943
22,休闲,2206,即食熟制品,220604,蛋类,30666,201502.9565,2.739130435,3.895652174,1.8
22,休闲,2206,即食熟制品,220605,鱼类,106911,201502.3443,1.418098361,6.612295082,12.83114754
22,休闲,2206,即食熟制品,220606,海苔,65108,201502.2429,1.1,6.181428571,6.01
22,休闲,2206,即食熟制品,220607,豆干类,152992,201502.4072,0.900347305,5.716586826,15.88263473
22,休闲,2206,即食熟制品,220608,肉松,47932,201502.6182,1,10.97090909,12.57818182
22,休闲,2206,即食熟制品,220699,其他即食熟制品,74494,201502.2121,0.917010101,5.23989899,13.0959596
22,休闲,2207,糖果,220701,硬糖,79836,201502.4321,0.596296296,8.974197531,26.62098765
22,休闲,2207,糖果,220702,奶糖,50533,201502.25,0.772964286,10.27946429,22.39464286
22,休闲,2207,糖果,220703,软糖,64157,201502.2742,1.14516129,5.708064516,5.729032258
22,休闲,2207,糖果,220704,夹心糖,4734,201502.25,1,13.8,13.8
22,休闲,2207,糖果,220705,润喉糖,7350,201502.6667,1,9.166666667,9.166666667
22,休闲,2207,糖果,220706,薄荷糖,1847,201502.75,1,1.95,1.95
22,休闲,2207,糖果,220707,棉花糖,18654,201502.0909,1,5.531818182,5.531818182
22,休闲,2207,糖果,220708,凝胶糖,35516,201502.4444,1,4.186111111,4.186111111
22,休闲,2207,糖果,220709,玩具糖,30983,201502.2,1.028571429,4.962857143,4.748571429
22,休闲,2207,糖果,220710,棒糖,68734,201502.5303,1.134666667,4.079545455,18.72727273
22,休闲,2207,糖果,220711,奶片,11524,201503.0952,1.095238095,3.861904762,3.871428571
22,休闲,2207,糖果,220713,糖果礼盒,4652,201502.1429,1,16.18571429,17.61428571
22,休闲,2207,糖果,220799,其他糖果,209601,201502.1674,0.568446352,9.974120172,32.5223176
22,休闲,2208,口香糖,220801,无糖口香糖,150024,201502.3967,1.043478261,10.13206522,9.498369565
22,休闲,2208,口香糖,220802,有糖口香糖,60370,201502.6061,1.075757576,5.725757576,5.527272727
22,休闲,2208,口香糖,220899,其他口香糖,6933,201501.7143,1,3.4,3.4
22,休闲,2209,巧克力,220901,威化巧克力,30243,201502.5926,1.037037037,23.24444444,22.92962963
22,休闲,2209,巧克力,220902,夹心巧克力,53874,201502.2881,1.050847458,10.29491525,10.51864407
22,休闲,2209,巧克力,220904,牛奶巧克力,62315,201502.2951,1.016393443,16.40163934,17.51147541
22,休闲,2209,巧克力,220905,黑/纯巧克力,41317,201502.1556,0.873555556,16.01977778,32.14222222
22,休闲,2209,巧克力,220906,果仁巧克力,25981,201501.72,1,22.644,25.652
22,休闲,2209,巧克力,220907,巧克力礼盒,2622,201502.5,1,49.225,53.225
22,休闲,2209,巧克力,220999,其他巧克力,39971,201502.3158,0.217631579,24.42868421,114.4421053
22,休闲,2210,果冻,221001,果冻/布丁,7367,201502.5455,1.090909091,3.127272727,2.954545455
22,休闲,2210,果冻,221002,吸吸冻,13707,201502.9167,0.928166667,4.543333333,7.716666667
22,休闲,2210,果冻,221003,杯装果冻,85926,201502.4468,1.010638298,4.154255319,4.304255319
22,休闲,2210,果冻,221004,立袋可吸果冻,101062,201502.8313,1.024096386,2.815662651,2.793975904
22,休闲,2210,果冻,221005,碎碎冰,36590,201503,1.285714286,1.011428571,0.834285714
22,休闲,2210,果冻,221006,礼包/桶果冻,7581,201502,1,6.163636364,6.163636364
22,休闲,2210,果冻,221099,其他果冻,38357,201502.6176,0.488235294,9.671176471,21.26470588
22,休闲,2211,进口食品,221101,进口休闲食品,61121,201502.0676,1.067567568,12.85,12.19189189
22,休闲,2212,无糖食品,221201,无糖粮油食品,11464,201502.6923,1.076923077,60.83076923,52.21538462
22,休闲,2212,无糖食品,221202,无糖休闲食品,169044,201502.3675,0.757216867,19.15620482,25.09277108
23,酒饮,2301,碳酸饮料,230101,可乐型,69225,201502.3418,1.17721519,4.702531646,4.37721519
23,酒饮,2301,碳酸饮料,230102,原味型,37470,201502.5714,1.19047619,5.535714286,4.552380952
23,酒饮,2301,碳酸饮料,230103,果味型,42235,201502.72,1,3.426,3.426
23,酒饮,2301,碳酸饮料,230199,苏打盐汽水,12966,201502.5833,1,7.608333333,7.775
23,酒饮,2302,纯果汁,230201,纯柳橙汁,20900,201502.7727,1.090909091,10.24545455,9.345454545
23,酒饮,2302,纯果汁,230202,纯桃汁,43630,201502.7368,1,9.426315789,10.44736842
23,酒饮,2302,纯果汁,230203,纯苹果汁,36567,201502.9643,1,8.989285714,10.17142857
23,酒饮,2302,纯果汁,230204,果蔬汁,11103,201502.6667,2,6,4
23,酒饮,2302,纯果汁,230299,其他纯果汁,10084,201502.4,1,8.03,8.15
23,酒饮,2303,果汁饮料,230301,柳橙饮料,26644,201502.1538,1.115384615,6.269230769,5.976923077
23,酒饮,2303,果汁饮料,230302,桃饮料,37452,201502.4857,1,8.12,8.3
23,酒饮,2303,果汁饮料,230304,植物蛋白饮料,163076,201502.2955,3.920454545,18.34886364,7.524431818
23,酒饮,2303,果汁饮料,230305,混合果汁饮料,22205,201502.7619,1,7.747619048,7.847619048
23,酒饮,2303,果汁饮料,230306,柠檬汁饮料,174,201501,1,4.5,4.5
23,酒饮,2303,果汁饮料,230307,蓝莓汁饮料,378,201502,1,73,73
23,酒饮,2303,果汁饮料,230309,梨汁饮料,17,201504,1,4,4
23,酒饮,2303,果汁饮料,230310,芒果汁饮料,4268,201503.5,1,7.8,9
23,酒饮,2303,果汁饮料,230311,荔枝饮料,2915,201503,1,4.5,4.5
23,酒饮,2303,果汁饮料,230399,其他果汁饮料,61337,201502.4667,1.216666667,6.403333333,5.97
23,酒饮,2304,茶饮料,230401,红茶,14144,201501.8571,1,3.580952381,3.895238095
23,酒饮,2304,茶饮料,230402,绿茶,3399,201503,1,2.375,2.5
23,酒饮,2304,茶饮料,230403,乌龙茶,2158,201503,1,3.5,3.5
23,酒饮,2304,茶饮料,230404,奶茶,16373,201501.6875,1,7.3625,7.7125
23,酒饮,2304,茶饮料,230406,凉茶,5347,201502.6667,1,4.583333333,4.55
23,酒饮,2304,茶饮料,230499,其他茶饮料,4079,201502.8,1,2.98,2.98
23,酒饮,2305,净水,230501,国产纯水,40060,201502.9048,3,6.8,3.54047619
23,酒饮,2305,净水,230502,国产矿水,45641,201502.9796,4.897959184,8.297959184,2.469387755
23,酒饮,2305,净水,230599,其他水,21730,201503.1667,1.125,2.729166667,2.5125
23,酒饮,2306,运动机能饮料,230601,咖啡饮料,33327,201503,1.5,8.255,6.065
23,酒饮,2306,运动机能饮料,230602,运动饮料,23440,201503.0455,1,4.104545455,4.104545455
23,酒饮,2306,运动机能饮料,230603,醋饮料,11654,201502.4444,2,8.122222222,5.688888889
23,酒饮,2306,运动机能饮料,230604,健康机能饮料,88193,201502.775,1.5375,6.87,4.8
23,酒饮,2306,运动机能饮料,230699,其他机能饮料,5542,201502.6,1,7.44,7.44
23,酒饮,2307,乳饮料,230701,果味乳饮,50522,201502.7105,1.052631579,6.392105263,6.597368421
23,酒饮,2307,乳饮料,230702,巧克力乳饮,848,201501,1,4.5,4.5
23,酒饮,2307,乳饮料,230703,纯味酸乳饮,107086,201502.3402,2.18556701,15.3257732,10.82164948
23,酒饮,2307,乳饮料,230704,加味酸乳饮,43633,201502.3953,1.395348837,8.544186047,7.795348837
23,酒饮,2307,乳饮料,230705,乳酸菌饮料,67686,201502.3175,2.333333333,8.493650794,5.198412698
23,酒饮,2307,乳饮料,230799,其他乳饮料,924,201501,1,4.9,4.9
23,酒饮,2308,豆奶,230801,纯豆奶,4075,201502.25,1,4.05,4.05
23,酒饮,2309,啤酒,230901,国产黄啤,120159,201502.7317,5.382113821,17.46341463,4.148780488
23,酒饮,2309,啤酒,230903,国产生啤,3739,201502.5,5.5,38.5,7
23,酒饮,2309,啤酒,230905,进口黑啤,3864,201503,1,68.5,68.5
23,酒饮,2309,啤酒,230907,果味啤酒,4045,201502.6667,11.33333333,29.93333333,2.566666667
23,酒饮,2310,葡萄/果酒,231001,国产干红,23821,201502.6471,1,49.09411765,53.21176471
23,酒饮,2310,葡萄/果酒,231003,国产其他普通,1627,201502,2.25,36.525,16.65
23,酒饮,2310,葡萄/果酒,231004,进口干红,1685,201502,2,206,103
23,酒饮,2310,葡萄/果酒,231006,汽泡酒/香槟,10564,201502.1,1,17.18,17.18
23,酒饮,2310,葡萄/果酒,231007,水果酒,17250,201502.4375,1,25.7625,25.7625
23,酒饮,2310,葡萄/果酒,231099,其他葡萄果酒,28666,201502.1304,1.52173913,25.35652174,18.05652174
23,酒饮,2311,国产白酒,231101,名酒,4655,201502.6667,4.333333333,3022.666667,589.3333333
23,酒饮,2311,国产白酒,231102,普通低度白酒,113583,201502.4412,1.774509804,98.8872549,56.85784314
23,酒饮,2311,国产白酒,231103,普通高度白酒,45006,201502.3478,2.173913043,28.47391304,15.24565217
23,酒饮,2311,国产白酒,231104,高粱酒,3632,201501.75,1,12.8,12.8
23,酒饮,2312,黄酒,231201,普通黄酒,21790,201502.3913,1.043478261,21.69565217,20.53478261
23,酒饮,2312,黄酒,231299,其他黄酒,3799,201502.5,1,16.3,16.3
23,酒饮,2313,其他国产酒,231301,国产滋补酒,16585,201502.9375,1,35.36875,35.36875
23,酒饮,2313,其他国产酒,231302,国产米酒,2978,201502.6667,1,6.7,6.7
23,酒饮,2314,进口酒,231401,白兰地,3251,201502,1,14.4,14.4
23,酒饮,2314,进口酒,231403,伏特加,1614,201502,1,39.9,39.9
23,酒饮,2314,进口酒,231404,预调酒,117546,201502.306,1.074626866,12.19029851,12.21641791
23,酒饮,2314,进口酒,231406,米酒,205,201504,1,15,15
23,酒饮,2314,进口酒,231499,其他进口洋酒,438,201502,1,148,145
23,酒饮,2315,酒类礼盒,231501,葡萄酒礼盒,654,201502,1,99,143
23,酒饮,2316,香烟,231601,国产省内香烟,78217,201502.8,7.123076923,110.7923077,18.34615385
23,酒饮,2316,香烟,231602,国产省外香烟,56099,201502.6491,4.596491228,138.2368421,16.03508772
23,酒饮,2316,香烟,231603,进口香烟,738,201502,1,16,16
23,酒饮,2316,香烟,231606,烟具,4602,201502.75,1.75,8.75,4.5
23,酒饮,2317,进口饮料,231701,进口碳酸,4963,201501.8,1.8,10.38,6.78
23,酒饮,2317,进口饮料,231702,进口果汁,36259,201502.2051,1.230769231,8.133333333,6.535897436
23,酒饮,2317,进口饮料,231703,进口技能饮料,5024,201502,1,14.5,14.5
23,酒饮,2317,进口饮料,231705,进口乳饮料,4211,201502.6667,1,6.9,6.9
30,洗化,3001,室内清洁剂,300101,地板清洁剂,94,201501,1,12.9,12.9
30,洗化,3001,室内清洁剂,300102,家用清洁剂,8364,201502.5,1,10.06,9.66
30,洗化,3002,浴厕厨清洁剂,300201,浴室清洁剂,975,201504,1,16.7,16.7
30,洗化,3002,浴厕厨清洁剂,300202,洁厕剂,29262,201502.4474,1.078947368,9.060526316,9.084210526
30,洗化,3002,浴厕厨清洁剂,300203,消毒剂,22955,201502.2609,1.043478261,5.386956522,5.934782609
30,洗化,3002,浴厕厨清洁剂,300204,厨房清洁剂,17913,201501.7692,1,20.98461538,22.11538462
30,洗化,3002,浴厕厨清洁剂,300206,餐具清洁剂,52900,201502.3571,1.014285714,10.04571429,10.95857143
30,洗化,3003,芳香防霉剂,300301,放置式芳香剂,10401,201502.6,1,6.48,6.48
30,洗化,3003,芳香防霉剂,300302,喷雾式芳香剂,2991,201502.6667,1,10.23333333,10.23333333
30,洗化,3003,芳香防霉剂,300305,防蛀防霉用品,1812,201504,1,11.9,11.9
30,洗化,3003,芳香防霉剂,300306,除味剂,2069,201501.5,1,7.9,7.9
30,洗化,3004,鞋类护理用品,300401,鞋刷、鞋檫,2678,201502.6,1,7.7,7.7
30,洗化,3004,鞋类护理用品,300402,膏体鞋油,9035,201503,1,4.26,4.26
30,洗化,3004,鞋类护理用品,300403,液体鞋油,2419,201502.4,1,10.7,10.7
30,洗化,3004,鞋类护理用品,300499,其它皮革护理,3270,201503.2,1,10.7,10.9
30,洗化,3005,杀虫用品,300501,喷雾杀虫剂,1938,201504,1,18.93333333,18.93333333
30,洗化,3005,杀虫用品,300503,电蚊香片,1512,201504,1,17.7,17.7
30,洗化,3005,杀虫用品,300504,电蚊香液,4530,201504,1,25.5,25.5
30,洗化,3006,洗衣用品,300601,洗衣粉,55783,201502.4366,1.042253521,12.87746479,14.01267606
30,洗化,3006,洗衣用品,300602,洗衣液,79330,201502.375,1.041666667,25.19791667,28.97708333
30,洗化,3006,洗衣用品,300604,洗衣皂,101551,201502.6071,1.4375,11.05535714,9.209821429
30,洗化,3006,洗衣用品,300605,去污/干洗剂,6641,201502.9,1,14.2,14.4
30,洗化,3006,洗衣用品,300606,衣物柔顺剂,16380,201502.5217,1.043478261,14.89565217,17.81304348
30,洗化,3006,洗衣用品,300607,衣物漂白水,3680,201502,1,10.82,10.82
30,洗化,3006,洗衣用品,300699,其他洗衣用品,3642,201502,1,21.4,21.4
30,洗化,3007,洗浴用品,300701,香皂,107036,201502.449,1.030612245,5.781632653,6.030612245
30,洗化,3007,洗浴用品,300702,功能性香皂,14209,201502.2143,1.428571429,11.21428571,10.4
30,洗化,3007,洗浴用品,300703,洗手液,4282,201502.25,1,14.65,14.65
30,洗化,3007,洗浴用品,300704,沐浴露,24900,201502.4643,1,17.94285714,18.6
30,洗化,3008,洗护发用品,300801,洗发水,81015,201502.3656,1.086021505,37.57741935,38.58172043
30,洗化,3008,洗护发用品,300802,润发护发,34997,201502.5263,1,19.98157895,20.33421053
30,洗化,3008,洗护发用品,300803,染发用品,7999,201502.3333,1,52.45,52.45
30,洗化,3008,洗护发用品,300804,美发造型,17188,201503.0667,1,20.23333333,20.23333333
30,洗化,3009,剃须护理用品,300901,剃须刀片,8020,201502.6,1,35.52,35.52
30,洗化,3009,剃须护理用品,300902,剃须刀架,7155,201502.6,1,16.7,18.52
30,洗化,3009,剃须护理用品,300903,剃须刀架套装,1234,201502,1,19.9,19.9
30,洗化,3010,婴幼儿用品,301001,婴幼儿洗发水,1381,201501,1,28.9,28.9
30,洗化,3010,婴幼儿用品,301002,婴幼儿沐浴露,6896,201503.6,1,25.18,25.18
30,洗化,3010,婴幼儿用品,301003,婴幼儿香皂,811,201502,1,5.9,5.9
30,洗化,3010,婴幼儿用品,301004,婴幼儿护肤用品,32169,201502.375,1.15625,9.521875,9.55625
30,洗化,3010,婴幼儿用品,301005,爽身祛痱粉,509,201504,1,7.9,7.9
30,洗化,3010,婴幼儿用品,301006,婴幼儿湿纸巾,3689,201502.6,1,6.34,7.34
30,洗化,3010,婴幼儿用品,301007,婴幼儿防晒用品,34,201504,1,16.9,16.9
30,洗化,3010,婴幼儿用品,301009,花露水,5567,201504,1,13.5,13.5
30,洗化,3010,婴幼儿用品,301012,洗衣液,2378,201502,1,22.7,22.7
30,洗化,3010,婴幼儿用品,301099,其他婴幼儿用品,2461,201504,1,69,69
30,洗化,3011,保养用品,301101,护肤用品,41243,201502.2444,1,23.48444444,23.52888889
30,洗化,3011,保养用品,301102,洁面乳,21525,201502.0417,1,24.39166667,24.55833333
30,洗化,3011,保养用品,301104,唇部保养品,854,201501,1,11.9,11.9
30,洗化,3011,保养用品,301106,手足保养品,11937,201501.7,1,7.335,7.935
30,洗化,3011,保养用品,301108,套装保养用品,1869,201503,1,29.9,29.9
30,洗化,3012,化妆品,301205,化妆棉,1341,201502,1,8.9,8.9
30,洗化,3012,化妆品,301206,化妆品工具,5226,201501.8333,1,20.9,20.9
30,洗化,3013,口腔卫生用品,301301,成人牙膏,218682,201502.5869,1,11.7957529,12.26370656
30,洗化,3013,口腔卫生用品,301302,儿童牙膏,28803,201502.8462,1,9.107692308,9.161538462
30,洗化,3013,口腔卫生用品,301303,成人牙刷,122716,201502.5827,1,10.10472441,11.07795276
30,洗化,3013,口腔卫生用品,301304,儿童牙刷,14877,201502.2667,1,8,8.133333333
30,洗化,3013,口腔卫生用品,301306,口腔清洁用品,1215,201502.5,1,10.05,10.05
30,洗化,3014,个人卫生用品,301405,绷带/纱布,1249,201501,1,1,1
30,洗化,3014,个人卫生用品,301406,棉棒/棉球,19687,201502.2353,1,2.558823529,2.558823529
30,洗化,3014,个人卫生用品,301499,其他个人卫生,1316,201502,1,1.7,1.7
30,洗化,3015,计生用品,301501,安全套,13209,201502.6,1,26.35,26.35
30,洗化,3016,纸制品,301601,卷筒纸,15013,201502.15,1,15.745,20.37
30,洗化,3016,纸制品,301602,平板纸,39269,201502.5556,2.111111111,7.831111111,5.108888889
30,洗化,3016,纸制品,301603,无芯纸,394145,201502.4582,1.318284424,12.39548533,14.8241535
30,洗化,3016,纸制品,301604,餐巾纸,3166,201502.8,1,1.72,1.72
30,洗化,3016,纸制品,301605,厨房纸巾,34,201503,1,5.7,5.7
30,洗化,3016,纸制品,301606,手帕纸,69147,201502.2841,1.113636364,6.276136364,6.761363636
30,洗化,3016,纸制品,301607,盒装面纸,23711,201502.2759,1.103448276,10.85517241,12.56206897
30,洗化,3016,纸制品,301608,软抽纸巾,231790,201502.3139,1.051094891,11.1959854,13.64160584
30,洗化,3016,纸制品,301609,湿巾纸,48085,201502.8627,1.039215686,6.17254902,6.684313725
30,洗化,3017,纸尿裤,301701,儿童纸尿裤,22655,201502.7391,1.043478261,46.90869565,40.43043478
30,洗化,3017,纸尿裤,301702,儿童纸尿片,1657,201502.6667,1,33.6,33.6
30,洗化,3017,纸尿裤,301703,成人纸尿裤,2313,201502,1,43,43
30,洗化,3017,纸尿裤,301799,其他纸尿裤,866,201502,1,25.9,25.9
30,洗化,3018,卫生巾,301801,日用卫生巾,152861,201502.4372,1.040201005,7.607537688,7.865326633
30,洗化,3018,卫生巾,301802,夜用卫生巾,180395,201502.2675,1.061728395,7.85473251,7.879835391
30,洗化,3018,卫生巾,301803,卫生棉条,94,201501,1,20.9,20.9
30,洗化,3018,卫生巾,301804,卫生护垫,112101,201502.5407,1.014814815,6.251111111,6.362222222
30,洗化,3018,卫生巾,301805,套装卫生巾,33962,201502.4444,1.472222222,8.069444444,7.725
30,洗化,3018,卫生巾,301806,进口卫生巾,2297,201504,1,3.9,3.9
30,洗化,3018,卫生巾,301899,其他卫生巾,2477,201502,1,9.9,9.9
31,家居,3101,煮锅,310102,汤锅,2307,201504,1,49,49
31,家居,3102,炒锅,310201,煎锅,2425,201504,1,109,109
31,家居,3102,炒锅,310202,无盖炒锅,1215,201502,1,100,100
31,家居,3102,炒锅,310204,锅盖/配件,1091,201501,1,10,10
31,家居,3105,陶瓷餐具,310501,陶瓷碗,2454,201501,1,9.5,9.5
31,家居,3105,陶瓷餐具,310502,陶瓷盘,462,201502.6667,1,30,30
31,家居,3105,陶瓷餐具,310505,陶瓷杯子,1699,201502,1,10,10
31,家居,3106,密胺餐具,310601,密胺碗,1243,201502,1,9.333333333,9.333333333
31,家居,3106,密胺餐具,310603,密胺调羹,3669,201503.3333,1,3.5,3.5
31,家居,3106,密胺餐具,310604,密胺杯子,5970,201503,1,10,10
31,家居,3107,玻璃器皿,310701,玻璃色拉碗,1264,201502.6667,1.333333333,5.266666667,8
31,家居,3107,玻璃器皿,310704,玻璃杯,2864,201503,1,62,62
31,家居,3107,玻璃器皿,310705,玻璃白酒杯,1817,201502,5.5,17.5,4
31,家居,3108,不锈钢餐具,310801,不锈钢碗,3116,201502.5,1,11,11
31,家居,3108,不锈钢餐具,310899,其他不锈钢具,1279,201504,1,15,15
31,家居,3109,塑料餐具,310901,微波/保鲜盒,1981,201502.5556,1,21.54444444,22.55555556
31,家居,3109,塑料餐具,310903,饭盒,6884,201502,1,13,13
31,家居,3109,塑料餐具,310908,无盖塑料杯,1243,201502,1,7.3,7.3
31,家居,3109,塑料餐具,310911,塑料便携杯/太,1804,201501,1,16,16
31,家居,3110,料理切具,311001,菜刀,634,201504,1,20,20
31,家居,3110,料理切具,311002,果皮刀,968,201501.875,1,9.675,10
31,家居,3110,料理切具,311003,刨刀,8600,201503,1,12,12
31,家居,3110,料理切具,311004,剪刀,1464,201503.5,1,16,16
31,家居,3110,料理切具,311005,砧板,2509,201504,1,9.9,20
31,家居,3110,料理切具,311007,刀/叉/更,2306,201502.75,1,5.833333333,5.833333333
31,家居,3110,料理切具,311008,筷子,13367,201502.7333,1,9.24,10.2
31,家居,3110,料理切具,311009,开瓶器,12559,201503,1,20,20
31,家居,3110,料理切具,311012,漏勺,1018,201503,1,20,20
31,家居,3110,料理切具,311014,锅垫/杯垫,697,201501,6,60,10
31,家居,3110,料理切具,311016,打蛋器,526,201503,1,13,13
31,家居,3110,料理切具,311017,擀面杖,1909,201503,1,4,4
31,家居,3110,料理切具,311019,木勺/铲,2053,201502.4,1,12.2,12.2
31,家居,3110,料理切具,311099,其他调理切具,5282,201501.3333,1,17.33333333,17.33333333
31,家居,3111,桌上用品,311103,*****,2290,201502.5,1,12.5,12.5
31,家居,3111,桌上用品,311104,筷笼,3405,201501,1,12.5,12.5
31,家居,3111,桌上用品,311105,调味盒,679,201503.3333,1,11,11
31,家居,3111,桌上用品,311106,油壶,5971,201502,1,12,12
31,家居,3111,桌上用品,311108,果盘/茶盘,837,201502.5,1,10.675,15
31,家居,3112,厨房整理,311203,滴水篮,3078,201504,1,7,7
31,家居,3112,厨房整理,311204,塑料盆,3183,201502.25,1,11.14,11.35
31,家居,3112,厨房整理,311207,冰箱除味,21477,201504,1,6,6
31,家居,3113,保温容器,311301,保温杯,1187,201504,1,39,49
31,家居,3113,保温容器,311302,保温桶,2449,201503,1,39.9,55
31,家居,3113,保温容器,311303,保温旅行壶,1991,201504,1,28,28
31,家居,3113,保温容器,311304,儿童保温杯,2269,201501,1,39,49
31,家居,3114,一次性用品,311401,一次性杯子,203,201502.2381,1.047619048,7.961904762,8.014285714
31,家居,3114,一次性用品,311402,一次性台布手套,19246,201502.8235,1,9.117647059,9.117647059
31,家居,3114,一次性用品,311403,一次性碗/盘/碟,17193,201503.3333,1,7.3,7.3
31,家居,3114,一次性用品,311405,一次性垃圾袋,3962,201502.7576,1,7.918181818,8.212121212
31,家居,3114,一次性用品,311406,牙签/牙签合/水,35433,201502,1,5.021428571,5.35
31,家居,3114,一次性用品,311407,吸管,14487,201503.6,1,3.8,3.8
31,家居,3114,一次性用品,311410,一次性鞋套,7074,201503.3333,1,9.333333333,9.333333333
31,家居,3114,一次性用品,311412,针线及配件,2387,201502,1,25.5,25.5
31,家居,3114,一次性用品,311499,其他一次性用品,883,201501.1111,1,2.722222222,3
31,家居,3115,香/烛,311503,薰香,3170,201502.8,1,11.2,11.2
31,家居,3115,香/烛,311599,其他香、蜡烛,4835,201502,1,9.9,16
31,家居,3116,保鲜用品,311601,简装保鲜膜,562,201501.75,1,5.3125,5.3125
31,家居,3116,保鲜用品,311602,盒装保鲜膜,7934,201502.5556,1,8.922222222,9.155555556
31,家居,3116,保鲜用品,311603,铝箔/锡纸,9751,201504,1,14,14
31,家居,3116,保鲜用品,311604,保鲜袋,1640,201502.5581,1,7.437209302,7.488372093
31,家居,3117,厨房清洁,311701,钢丝球,41141,201502.3333,1,4.611111111,4.888888889
31,家居,3117,厨房清洁,311702,百洁布,13842,201502.3571,1,5.421428571,5.642857143
31,家居,3117,厨房清洁,311703,刷刷块,27224,201502,1,3,3
31,家居,3117,厨房清洁,311704,抹布,1227,201502.6,1,16.31,16.31
31,家居,3117,厨房清洁,311706,锅刷,8562,201501.9474,1.052631579,5.863157895,5.736842105
31,家居,3118,打扫用品,311801,手套,15911,201502.0313,1,10.196875,10.328125
31,家居,3118,打扫用品,311802,围裙/套袖,21635,201502.75,1,7.25,7.25
31,家居,3118,打扫用品,311803,马桶刷/抽子,2423,201502.625,1,13.7375,13.7375
31,家居,3118,打扫用品,311804,洗衣/鞋刷,4152,201502.6,1,6.36,6.36
31,家居,3118,打扫用品,311805,扫把,6927,201504,1,9.9,14
31,家居,3118,打扫用品,311806,畚斗组,408,201503.6,1,13.34,17
31,家居,3118,打扫用品,311808,普通拖把,3896,201502,1,28,28
31,家居,3118,打扫用品,311809,胶棉拖把,303,201502.625,1,44.575,50.625
31,家居,3118,打扫用品,311810,尘推,7660,201504,1,60,60
31,家居,3118,打扫用品,311811,_把头,236,201503,1,17,17
31,家居,3118,打扫用品,311812,水桶,888,201502.3333,1,16,16
31,家居,3118,打扫用品,311813,纸篓,1799,201502,1,18,18
31,家居,3118,打扫用品,311816,杂物筒,984,201502,1,5.75,5.75
31,家居,3118,打扫用品,311819,苍蝇拍,2240,201504,1,2,2
31,家居,3118,打扫用品,311821,掸尘刷,371,201501,1,9,9
31,家居,3118,打扫用品,311822,喷壶,832,201502,1,6,6
31,家居,3118,打扫用品,311899,其他打扫用品,354,201501,1,6,9
31,家居,3119,卫浴用品,311901,皂盒,201,201501.6667,1,5.333333333,5.333333333
31,家居,3119,卫浴用品,311902,浴球和浴花,5062,201501.875,1,4.1875,4.375
31,家居,3119,卫浴用品,311903,搓澡巾及手套,6391,201502.4,1,8.6,8.6
31,家居,3119,卫浴用品,311904,洗梳包,3680,201502.5,1,8.95,8.95
31,家居,3119,卫浴用品,311907,梳子/镜子,2358,201502.1538,1,11.13846154,11.36923077
31,家居,3119,卫浴用品,311908,热水袋,12176,201503,1,11.5,20
31,家居,3119,卫浴用品,311911,牙具盒,6,201503.5,1,10,10
31,家居,3119,卫浴用品,311913,浴帽/干发巾,2069,201502.3333,1,12,12
31,家居,3120,洗衣用品,312001,塑料衣架,2090,201503.6667,1,12,12
31,家居,3120,洗衣用品,312002,不锈钢衣架,2850,201504,1,17,17
31,家居,3120,洗衣用品,312006,晒衣架/篮,553,201503,1,22.5,22.5
31,家居,3120,洗衣用品,312010,衣夹,1012,201503,1,12,12
31,家居,3121,家事收纳,312102,整理箱,2159,201502.3333,1,38,38
31,家居,3121,家事收纳,312199,其他家事收纳,4724,201501.6667,1,15.33333333,15.33333333
31,家居,3122,地垫类,312205,马桶垫,3587,201501.7619,1,8.085714286,10.65714286
31,家居,3125,工具,312502,小五金,18592,201501.8,1,18.6,18.6
31,家居,3125,工具,312505,指甲剪/钥匙扣,2017,201502,1,30,30
31,家居,3126,粘合用品,312601,粘钩,834,201502.4444,1,7.281481481,7.592592593
31,家居,3126,粘合用品,312603,家居保护垫,28144,201503,1,4.8,4.8
31,家居,3128,汽车用品,312804,玻璃水/添加剂,4756,201503,1,8,8
32,家电,3212,饮水机,321203,电水壶/煲,13,201501,1,79,79
32,家电,3213,季节性电器,321399,其他季节性电器,550,201501.3333,1,33.66666667,38
32,家电,3215,生活电器,321502,电吹风,2639,201501,1,69,69
32,家电,3216,刮胡用品,321601,电须刀,373,201503,1,19.9,35
32,家电,3216,刮胡用品,321603,剃毛刀,1571,201503,1,47,47
32,家电,3217,灯具光源,321702,书写台灯,2110,201502.3333,1,24.66666667,24.66666667
32,家电,3217,灯具光源,321707,小夜灯,2912,201503,1,10.3,10.3
32,家电,3217,灯具光源,321709,灯泡,1553,201503.5,1,2.7,2.7
32,家电,3217,灯具光源,321710,节能光源,3121,201502,1,17.2,17.2
32,家电,3217,灯具光源,321711,手电筒,2137,201501,1,15.25,15.25
32,家电,3218,电器配件,321803,插座插头,642,201501.8333,1,27.4,27.4
32,家电,3227,电池配件,322701,干电池,5795,201502.44,1.44,7.384,5.968
33,文体,3301,球类配件,330101,足球,25493,201504,1,36,36
33,文体,3301,球类配件,330102,篮球,573,201504,1,13.9,23
33,文体,3301,球类配件,330104,网球,372,201504,1,5,9
33,文体,3301,球类配件,330105,羽毛球,1793,201502.5,1,11.3,11.3
33,文体,3303,小型健身器材,330301,跳绳,2091,201501,1,6.7,6.7
33,文体,3313,男孩玩具,331301,车类,176,201501,1,62,62
33,文体,3313,男孩玩具,331302,枪类,374,201502,1,25.7,25.7
33,文体,3314,女孩玩具,331401,娃娃,1691,201502,1,49,109
33,文体,3314,女孩玩具,331403,音乐类,1691,201501,1,62,62
33,文体,3315,益智玩具,331504,彩泥,290,201502,1,11.95,11.95
33,文体,3315,益智玩具,331599,其他益智玩具,7877,201501,1,29.9,29.9
33,文体,3316,娱乐玩具,331601,棋牌类,203,201502,7.6,44.06,20.12
33,文体,3316,娱乐玩具,331602,室外类,7301,201501,1,8.3,8.3
33,文体,3316,娱乐玩具,331699,其他娱乐玩具,294,201502,1,52,52
33,文体,3319,笔类,331901,圆珠笔,438,201501,1,2.3,2.3
33,文体,3319,笔类,331902,钢笔,34,201503.25,1,8.2,8.2
33,文体,3319,笔类,331903,中性笔,3396,201502.5161,1.096774194,3.761290323,3.570967742
33,文体,3319,笔类,331904,荧光笔,34362,201501,1,5.966666667,5.966666667
33,文体,3319,笔类,331905,笔芯,975,201502.6667,1,3.055555556,3.055555556
33,文体,3319,笔类,331906,记号笔,9883,201501.5,1,3.05,3.05
33,文体,3319,笔类,331907,白板笔,3566,201502,1,5.966666667,5.966666667
33,文体,3319,笔类,331908,铅笔/活动铅笔,1289,201502,1,6.22,6.22
33,文体,3319,笔类,331909,铅芯,5693,201502.5556,1,1.7,1.7
33,文体,3319,笔类,331910,笔礼盒,9618,201501,1,6.5,6.5
33,文体,3319,笔类,331999,其他笔类,556,201501.8571,1,2.2,2.2
33,文体,3320,美术用品,332002,毛笔,2127,201504,1,3.3,3.3
33,文体,3320,美术用品,332003,水彩笔,284,201502.9,1,25.72,25.72
33,文体,3320,美术用品,332005,油画棒,14192,201503,1,9.3,9.3
33,文体,3320,美术用品,332006,蜡笔,3384,201502.5,1,16.25,19.25
33,文体,3320,美术用品,332007,素描纸,3034,201501,1,6.3,6.3
33,文体,3320,美术用品,332099,其他美术用品,91,201502.3333,1,2.855555556,2.855555556
33,文体,3321,学生用品,332101,尺类,10445,201501.3333,1,1.866666667,1.866666667
33,文体,3321,学生用品,332102,修正液/带,2515,201501.85,1,3.84,3.84
33,文体,3321,学生用品,332103,橡皮,13321,201502,1,2.061538462,2.061538462
33,文体,3321,学生用品,332104,剪刀美工刀,11076,201501.5,1.25,3.875,3.75
33,文体,3321,学生用品,332105,卷笔器,3830,201502.3333,1,3.1,3.1
33,文体,3321,学生用品,332106,笔盒/笔袋,4628,201502,1,3.3,3.3
33,文体,3321,学生用品,332109,墨水,983,201502,1,5.3,5.3
33,文体,3321,学生用品,332110,圆规,144,201504,1,27,27
33,文体,3321,学生用品,332112,计算器,963,201501,1,42,42
33,文体,3321,学生用品,332199,其他学生用品,244,201503,1,6.1,6.1
33,文体,3322,胶水胶带,332201,固体胶,3117,201501.7143,1,1.585714286,1.585714286
33,文体,3322,胶水胶带,332202,液体胶,6647,201501.7143,1.428571429,3.528571429,2.371428571
33,文体,3322,胶水胶带,332203,封箱胶带配件,5306,201501,1,8.3,8.3
33,文体,3322,胶水胶带,332204,文具胶带配件,294,201501,1,0.5,0.5
33,文体,3322,胶水胶带,332205,双面胶,484,201502.25,1.125,4.8125,4.225
33,文体,3322,胶水胶带,332206,易事贴,7580,201502.3333,1,2.966666667,2.966666667
33,文体,3323,本类,332301,便签本,2636,201501.6667,1,4.366666667,4.366666667
33,文体,3323,本类,332302,练习簿,6132,201502.7143,1.357142857,2.7,2.5
33,文体,3323,本类,332303,记事本,9303,201503,1,9.3,9.3
33,文体,3323,本类,332307,软面本,1588,201502,1,3.3,3.3
33,文体,3323,本类,332399,其他本类,404,201502,1,2.733333333,2.733333333
33,文体,3325,档案用品,332501,资料袋,2689,201503.5,1,3,3
33,文体,3325,档案用品,332504,夹子,2561,201502,1,9.633333333,9.633333333
33,文体,3326,办公配件,332603,图钉/针,1211,201502,1,4.7,4.7
33,文体,3326,办公配件,332608,白板,144,201502,1,20.3,20.3
33,文体,3326,办公配件,332699,其他办公配件,298,201502,1,4.3,4.3
33,文体,3328,包装材料,332803,红包,1384,201502.1667,4.666666667,1.716666667,0.483333333
33,文体,3330,节庆饰品,333002,春节饰品,6454,201502.2,1,8.74,12.8
34,针织,3401,童内衣裤,340101,盒装童内裤,12802,201502,1,25.5,25.5
34,针织,3401,童内衣裤,340105,童内衣裤套装,1532,201502,1,59.9,59.9
34,针织,3402,女内衣裤,340201,盒装女内裤,718,201502,1,23.20588235,24.63529412
34,针织,3402,女内衣裤,340202,简装女内裤,15305,201503,1,9.884615385,9.884615385
34,针织,3402,女内衣裤,340205,女内衣裤套装,11408,201502,1,89.5,89.5
34,针织,3402,女内衣裤,340207,女毛裤,1612,201503.6667,1,30.3,32.66666667
34,针织,3403,男内衣裤,340301,盒装男内裤,1501,201502,1,31.29333333,32.64666667
34,针织,3403,男内衣裤,340303,男短长袖内衣,10825,201504,1,8.9,17
34,针织,3403,男内衣裤,340305,男内衣裤套装,748,201501.5,1,137,137
34,针织,3403,男内衣裤,340306,男毛裤,1799,201502,1,119,130
34,针织,3404,文胸,340403,文胸,1216,201504,1,58,58
34,针织,3406,童袜,340601,儿童袜,2344,201502.25,1,8.975,9.75
34,针织,3407,女袜,340701,女棉长/短筒袜,3875,201502.4583,1,5.925,6.720833333
34,针织,3407,女袜,340702,女运动袜,15900,201504,1,3.9,5.5
34,针织,3407,女袜,340703,女短筒丝袜,2456,201503.3704,1,6.203703704,6.881481481
34,针织,3407,女袜,340704,女中筒丝袜,31854,201503,1,11,11
34,针织,3407,女袜,340799,其他女袜,78,201501.3333,1,31,31
34,针织,3408,男袜,340802,男绅士袜,1833,201502,1.032258065,9.090322581,9.109677419
34,针织,3408,男袜,340803,男运动袜,23994,201502.3333,1,8.7,10.21666667
34,针织,3408,男袜,340899,其他男袜,5445,201501.4,1,8.78,10.94
34,针织,3409,床品单/套件,340901,枕套,3101,201501,1,12.9,17
34,针织,3409,床品单/套件,340902,被套,20,201501,2,39.8,40
34,针织,3409,床品单/套件,340903,床单/裙/笠,551,201503,1,44.9,55
34,针织,3409,床品单/套件,340906,四件套及以上,40,201501,1.333333333,53.2,69
34,针织,3410,枕/靠/坐垫,341002,功能枕,1336,201503,1,20,20
34,针织,3410,枕/靠/坐垫,341004,靠垫,464,201501.25,1.5,24.375,23.75
34,针织,3412,毯子,341204,晴纶毯,1637,201504,1,19.9,30
34,针织,3412,毯子,341206,双人电热毯,1513,201501.25,1,84.225,94.25
34,针织,3415,毛巾,341501,素色方巾,1473,201502.75,1,9.95,9.95
34,针织,3415,毛巾,341502,花色方巾,3314,201502.2778,1.111111111,7.355555556,7.144444444
34,针织,3415,毛巾,341504,花色童面巾,13431,201502.4286,1,8.914285714,9.771428571
34,针织,3415,毛巾,341505,素色面巾,5055,201502.5,1,14.5,14.5
34,针织,3415,毛巾,341506,花色面巾,1745,201502.0714,1.071428571,13.27857143,13.34285714
34,针织,3415,毛巾,341599,其他毛巾,11126,201501,1,3.9,5.9
34,针织,3416,浴巾/袍,341601,素色浴巾,690,201503,1,50,50
34,针织,3417,婴儿系列用品,341701,婴儿喂育用具,47,201502.7,1,23.15,23.15
34,针织,3417,婴儿系列用品,341799,其他婴儿用品,15050,201502,1,45,45
34,针织,3419,童装,341902,童外套,1484,201502,1,49.9,85
34,针织,3423,女上装,342302,女长短袖衬衫,298,201504,1,19.9,35
34,针织,3423,女上装,342306,女（羊）毛线衫,4449,201504,1,29,59
34,针织,3423,女上装,342307,女单马夹/背心,842,201502,1,19.9,39.9
34,针织,3423,女上装,342310,女羽绒服,52,201503,1,44.9,87.66666667
34,针织,3424,女下装,342401,女休闲长裤,3281,201504,1.75,37.4,28.95
34,针织,3426,服饰饰品,342601,腰带,4937,201503,1,39.9,39.9
34,针织,3426,服饰饰品,342603,围巾,2186,201502,1,16,20
34,针织,3426,服饰饰品,342604,口罩,91,201502.6667,1,4.633333333,5
34,针织,3426,服饰饰品,342605,手套,3713,201502,1,9.483333333,12.16666667
34,针织,3426,服饰饰品,342606,帽子,3174,201502,1,50,50
34,针织,3427,雨具/鞋,342701,雨伞,956,201503.6,1,28.49,28.49
34,针织,3428,男鞋,342804,男布胶鞋,13789,201503,1,14.9,23
34,针织,3428,男鞋,342805,男运动鞋,81,201503,1,19.9,30
34,针织,3429,女鞋,342904,女布胶鞋,779,201503,1,14.9,23
34,针织,3429,女鞋,342905,女运动鞋,614,201503,1,19.9,30
34,针织,3431,拖鞋,343101,男塑料拖鞋,1469,201503.75,1,21.65,21.65
34,针织,3431,拖鞋,343102,女塑料拖鞋,2529,201503.4286,1,21.32857143,21.32857143
34,针织,3431,拖鞋,343104,男布/绒面拖鞋,997,201501,1,24.9,32
34,针织,3431,拖鞋,343105,女布/绒面拖鞋,1807,201502,1,12.9,24.45
34,针织,3431,拖鞋,343106,童布/绒面拖鞋,1049,201501,1,15.9,33
34,针织,3431,拖鞋,343107,鞋窝,862,201501.2,1,26.32,37.4
34,针织,3432,鞋配件,343201,鞋垫,2798,201502,1,12.63333333,12.63333333
,,,,,,2725,,,,
,,,,,,553,,,,
