大类编码,大类名称,中类编码,中类名称,小类编码,小类名称,顾客编号,销售数量,销售金额,商品单价
10,肉禽,1001,猪肉,100101,鲜猪肉,600212,385.766,10298.48,18203.2
10,肉禽,1001,猪肉,100102,猪下水,51874,35.492,1127.31,1660.4
10,肉禽,1001,猪肉,100103,猪肉丝馅片,46965,16.754,499.27,1221.8
10,肉禽,1001,猪肉,100104,猪骨,144040,209.16,7853.92,6432.2
10,肉禽,1001,猪肉,100105,调味猪肉,12,0.001,0.02,19.6
10,肉禽,1002,牛肉,100202,熟牛肉,23778,14.293999999999999,1143.52,2080.0
10,肉禽,1002,牛肉,100203,牛下水,9066,2.27,99.88000000000001,308.0
10,肉禽,1004,鸡产品,100401,整鸡,8771,13.0,140.4,108.0
10,肉禽,1004,鸡产品,100402,分割鸡件,125081,86.421,2508.61,4015.3999999999996
10,肉禽,1004,鸡产品,100404,调味鸡肉,50733,33.032,647.43,1391.6000000000001
10,肉禽,1005,鸭产品,100502,分割鸭件,3239,7.62,89.91,94.4
10,肉禽,1005,鸭产品,100503,鸭内脏,868,0.952,30.09,63.2
10,肉禽,1005,鸭产品,100504,加工鸭肉,10529,10.911999999999999,143.97,353.0
10,肉禽,1006,腌腊制品,100601,腌腊畜类,1359,1.0,24.9,24.9
10,肉禽,1006,腌腊制品,100604,腌腊香肠,11566,8.164,236.61999999999998,349.5
10,肉禽,1007,加工肉类,100703,冷冻畜类,1244,6.2780000000000005,248.61,79.2
10,肉禽,1007,加工肉类,100705,冷冻加工肉类,244,0.358,9.24,51.6
10,肉禽,1099,肉禽原料,109903,肉禽包装原料,7068,3.41,95.49,280.0
11,水产,1101,冰鲜水产,110104,海水冰鲜,12901,5.242,146.54,230.7
11,水产,1101,冰鲜水产,110106,虾类,7634,9.0,206.55,206.55
11,水产,1101,冰鲜水产,110107,贝蛤类,61929,39.505,1174.94,2041.0
11,水产,1102,冷冻水产,110201,冷冻海鱼,44670,41.699,511.61,462.16
11,水产,1102,冷冻水产,110203,冷冻虾蟹,9982,6.9879999999999995,222.2,477.0
11,水产,1102,冷冻水产,110204,冷冻软足体,7415,8.256,82.92999999999999,103.4
11,水产,1103,干货水产,110301,干货鱼类,10274,9.346,211.37,274.6
11,水产,1103,干货水产,110302,干货虾蟹贝类,15092,6.132,206.4,698.4
11,水产,1103,干货水产,110304,干货软足类,1849,0.212,0.21,1.0
11,水产,1104,加工水产,110402,水产配菜,7462,9.0,128.25,128.25
12,蔬果,1201,蔬菜,120101,叶菜,1627021,1302.899,5627.46,11070.94
12,蔬果,1201,蔬菜,120102,根茎,2337423,1787.961,12611.22,21247.8
12,蔬果,1201,蔬菜,120103,芽菜,225733,130.246,247.64000000000001,520.68
12,蔬果,1201,蔬菜,120104,花果,2419679,1681.204,8072.07,15896.539999999999
12,蔬果,1201,蔬菜,120105,鲜调味,582323,250.853,1815.51,5459.26
12,蔬果,1201,蔬菜,120106,菌菇类,637189,322.783,4147.99,10878.73
12,蔬果,1201,蔬菜,120107,有机蔬菜,103892,74.194,380.57,695.0
12,蔬果,1201,蔬菜,120109,其它蔬菜,135623,355.943,1433.02,1569.16
12,蔬果,1202,加工豆类,120201,豆腐,386859,586.45,1117.87,1079.06
12,蔬果,1202,加工豆类,120204,豆干豆皮,219641,77.284,597.36,2049.44
12,蔬果,1202,加工豆类,120205,豆类料理,117243,95.019,717.41,2043.8
12,蔬果,1203,水果,120301,柑桔柚类,252632,427.44100000000003,2603.55,2422.0
12,蔬果,1203,水果,120302,苹果类,400900,677.008,9516.55,6656.9400000000005
12,蔬果,1203,水果,120303,梨类,277021,484.009,3395.79,2656.1400000000003
12,蔬果,1203,水果,120304,葡萄类,763,0.358,1.79,4.99
12,蔬果,1203,水果,120305,瓜类,108527,145.49,1305.16,1185.16
12,蔬果,1203,水果,120306,桃/李类,268300,187.382,3637.94,5283.9400000000005
12,蔬果,1203,水果,120307,蕉类,408480,661.735,4118.4,2896.3
12,蔬果,1203,水果,120309,进口水果,321340,400.209,7375.12,7624.6
12,蔬果,1203,水果,120310,水果礼盒,7921,11.0,474.8,530.0
12,蔬果,1203,水果,120313,其它水果,736941,599.932,11639.3,16570.18
12,蔬果,1203,水果,120314,网络水果,1728,1.608,83.74,104.16
12,蔬果,1205,其它加工,120501,咸菜干货,114382,80.231,432.01,1504.0
12,蔬果,1205,其它加工,120502,花茶养生药材,250,0.084,23.52,280.0
13,熟食,1301,凉拌熟食,130101,凉拌素食,242305,94.436,1888.72,5260.0
13,熟食,1301,凉拌熟食,130102,凉拌荤食,16192,9.744,346.91,676.4
13,熟食,1302,卤制熟食,130201,卤制畜类,84500,26.23,1953.54,7438.0
13,熟食,1306,中式熟菜,130603,中式水产熟菜,47899,17.05,477.45,1708.0
13,熟食,1308,现制中式面点,130801,现制蒸类,271985,527.769,1031.03,1500.0
13,熟食,1308,现制中式面点,130803,现制烙类,86482,237.0,237.0,109.0
13,熟食,1308,现制中式面点,130805,现制面点,2840,1.058,5.29,10.0
14,烘焙,1402,现制中式糕点,140206,酥皮类,1286,0.602,0.6,2.0
14,烘焙,1403,现制西式糕点,140301,现制西式糕点,9346,6.894,110.3,256.0
15,日配,1501,冷藏肉制品,150101,香肠类,124173,179.0,1263.0,1289.3
15,日配,1501,冷藏肉制品,150102,棒状火腿,50398,52.0,633.1,674.8
15,日配,1501,冷藏肉制品,150103,块状火腿,29391,32.0,251.20000000000002,265.2
15,日配,1501,冷藏肉制品,150104,片状火腿,16377,19.0,256.9,257.7
15,日配,1501,冷藏肉制品,150105,肉类,51756,56.0,804.0,897.9
15,日配,1501,冷藏肉制品,150199,其它肠类,38538,58.0,480.6,443.0
15,日配,1502,冷藏豆制类,150202,冷藏豆干类,6705,9.0,31.5,33.300000000000004
15,日配,1502,冷藏豆制类,150203,冷藏素食类,1931,4.0,30.8,30.8
15,日配,1503,冷藏料理,150301,冷藏畜类,1432,1.0,23.7,23.7
15,日配,1503,冷藏料理,150302,冷藏禽类,38022,44.0,2365.2,1377.2
15,日配,1503,冷藏料理,150303,冷藏海鲜类,1415,1.0,20.3,20.3
15,日配,1503,冷藏料理,150304,冷藏腌泡菜,4662,6.0,115.8,115.8
15,日配,1503,冷藏料理,150305,冷藏面食类,20323,27.0,212.5,197.2
15,日配,1504,冷藏奶油芝士,150404,奶酪,28114,29.0,456.8,456.8
15,日配,1505,冷藏乳品,150501,冷藏原味酸乳,232231,467.0,2543.5,2544.5
15,日配,1505,冷藏乳品,150502,冷藏加味酸乳,133184,416.0,1753.0,1495.9
15,日配,1505,冷藏乳品,150503,冷藏果粒酸乳,134153,151.0,1281.1000000000001,1299.7
15,日配,1505,冷藏乳品,150504,冷藏乳酸菌,388728,428.0,3883.4,4502.3
15,日配,1505,冷藏乳品,150505,冷藏营养酸乳,94971,130.0,1100.1,1062.0
15,日配,1505,冷藏乳品,150506,冷藏原味鲜乳,55072,62.0,532.8000000000001,780.0
15,日配,1505,冷藏乳品,150507,冷藏低脂鲜乳,635,1.0,11.9,11.9
15,日配,1505,冷藏乳品,150508,冷藏营养鲜乳,457,2.0,5.8,9.0
15,日配,1505,冷藏乳品,150509,冷藏进口乳品,4201,6.0,54.4,54.4
15,日配,1505,冷藏乳品,150599,其它冷藏乳品,24343,26.0,118.4,132.0
15,日配,1508,冷冻点心,150801,冷冻面食,53009,55.0,755.6,840.9
15,日配,1508,冷冻点心,150802,冷冻年糕,32166,51.0,328.5,324.2
15,日配,1508,冷冻点心,150805,冷冻南瓜饼,60,1.0,8.9,8.9
15,日配,1508,冷冻点心,150806,冷冻酒酿,1833,2.0,11.4,11.4
15,日配,1508,冷冻点心,150899,其它冷冻点心,2170,2.0,16.6,16.6
15,日配,1509,冷冻蔬菜肉品,150902,冷冻禽类,2810,3.0,62.9,67.5
15,日配,1509,冷冻蔬菜肉品,150904,冷冻蔬菜类,6003,6.0,57.400000000000006,57.400000000000006
15,日配,1509,冷冻蔬菜肉品,150999,其它冷冻蔬肉,538,1.0,22.9,22.9
15,日配,1510,冷冻水饺,151002,三鲜水饺,10599,11.0,308.5,320.3
15,日配,1510,冷冻水饺,151003,菜肉水饺,25595,28.0,480.6,502.1
15,日配,1510,冷冻水饺,151004,素馅水饺,2160,6.0,189.4,190.2
15,日配,1510,冷冻水饺,151005,海鲜水饺,2812,3.0,122.69999999999999,122.69999999999999
15,日配,1510,冷冻水饺,151099,其它水饺,84685,92.0,744.8000000000001,725.9000000000001
15,日配,1511,冷冻馄饨,151103,菜肉馄饨,6720,5.0,75.10000000000001,75.10000000000001
15,日配,1511,冷冻馄饨,151199,其它馄饨,4452,7.0,51.1,51.1
15,日配,1512,冷冻汤圆,151201,黑芝麻汤圆,1550,3.0,18.1,18.1
15,日配,1512,冷冻汤圆,151206,无馅汤圆,7473,15.0,73.5,73.5
15,日配,1512,冷冻汤圆,151299,其它汤圆,62520,74.0,639.4,725.2
15,日配,1513,冷冻包子馒头,151301,甜馅包子,16028,22.0,171.4,180.20000000000002
15,日配,1513,冷冻包子馒头,151302,咸馅包子,4388,4.0,70.80000000000001,77.2
15,日配,1513,冷冻包子馒头,151304,原味馒头,15999,24.0,92.2,90.3
15,日配,1513,冷冻包子馒头,151305,加味馒头,1184,2.0,17.8,17.8
15,日配,1513,冷冻包子馒头,151399,其它包子馒头,9422,7.0,91.30000000000001,100.10000000000001
15,日配,1514,微波食品,151499,其它微波食品,756,2.0,20.6,20.6
15,日配,1515,冷冻火锅类,151501,肉片/串类,13997,17.0,541.5,518.6
15,日配,1515,冷冻火锅类,151503,火锅丸类,55170,37.938,1089.32,2347.2000000000003
15,日配,1516,冰品,151602,甜筒,8613,7.0,28.0,28.0
15,日配,1516,冰品,151603,奶杯,3905,4.0,26.0,26.0
15,日配,1516,冰品,151604,雪糕,5566,3.0,13.0,13.0
15,日配,1516,冰品,151605,冰棒,3096,3.0,6.5,6.5
15,日配,1517,常温肉制品,151701,猪肉火腿肠,246520,302.0,3289.8,3557.7000000000003
15,日配,1517,常温肉制品,151703,鸡肉火腿肠,7342,8.0,47.2,61.6
15,日配,1517,常温肉制品,151704,蔬菜火腿肠,45736,46.0,402.9,437.8
15,日配,1517,常温肉制品,151799,其它火腿肠,30902,27.0,279.5,331.1
15,日配,1518,常温乳品,151801,利乐砖纯奶,194280,2280.0,10220.1,4874.6
15,日配,1518,常温乳品,151802,利乐砖加味奶,148134,766.0,2921.6,869.5
15,日配,1518,常温乳品,151803,利乐砖营养奶,141019,720.0,6744.6,4743.1
15,日配,1518,常温乳品,151804,利乐砖酸酸乳,121369,498.0,3480.6,2331.7
15,日配,1518,常温乳品,151805,利乐枕纯奶,114092,1390.0,3059.4,286.20000000000005
15,日配,1518,常温乳品,151806,利乐枕加味奶,68899,647.0,1422.4,204.39999999999998
15,日配,1518,常温乳品,151807,利乐枕营养奶,10604,137.0,368.9,33.599999999999994
15,日配,1518,常温乳品,151809,百利包纯奶,55726,455.0,831.6,107.10000000000001
15,日配,1518,常温乳品,151810,百利包加味奶,46362,277.0,588.8,83.9
15,日配,1518,常温乳品,151811,百利包营养奶,3983,49.0,82.89999999999999,8.8
15,日配,1518,常温乳品,151813,利乐砖乳酸菌,165158,1744.0,7657.4,871.0
15,日配,1518,常温乳品,151899,其他常温乳品,55540,327.0,1212.6,332.40000000000003
15,日配,1519,外送面包糕点,151901,外送咸面包,14332,18.0,41.4,36.8
15,日配,1519,外送面包糕点,151902,外送甜面包,73858,44.934,491.15999999999997,1045.6000000000001
15,日配,1519,外送面包糕点,151903,外送调理面包,6938,6.0,31.5,31.799999999999997
15,日配,1519,外送面包糕点,151904,外送中式糕点,98303,132.0,999.4,876.4
15,日配,1519,外送面包糕点,151905,外送西式糕点,8303,7.0,30.099999999999998,30.099999999999998
15,日配,1521,蛋类,152101,新鲜蛋品,809534,1113.966,12681.63,11201.98
15,日配,1521,蛋类,152103,松花蛋,13881,14.652,275.44,405.6
15,日配,1521,蛋类,152104,咸蛋,25238,25.384,431.75,745.3
20,粮油,2001,袋装速食面,200101,牛肉口味,58202,73.0,210.7,204.2
20,粮油,2001,袋装速食面,200102,猪肉口味,9127,15.0,48.0,45.5
20,粮油,2001,袋装速食面,200103,禽肉口味,10695,12.0,35.5,36.0
20,粮油,2001,袋装速食面,200104,海鲜口味,13518,18.0,53.0,45.0
20,粮油,2001,袋装速食面,200105,干脆面,133327,229.0,130.5,89.0
20,粮油,2001,袋装速食面,200199,其他袋装面,32684,132.0,231.3,122.2
20,粮油,2002,袋装速食面组,200201,牛肉口味,102632,148.0,2090.6,2132.0
20,粮油,2002,袋装速食面组,200202,猪肉口味,22125,28.0,467.9,488.7
20,粮油,2002,袋装速食面组,200203,禽肉口味,10591,14.0,141.20000000000002,143.0
20,粮油,2002,袋装速食面组,200204,海鲜口味,27115,25.0,349.7,378.7
20,粮油,2002,袋装速食面组,200299,其他袋装面组,10261,17.0,257.3,257.3
20,粮油,2003,桶杯装速食面,200301,牛肉口味,76486,113.0,485.2,447.7
20,粮油,2003,桶杯装速食面,200302,猪肉口味,7648,13.0,71.5,54.4
20,粮油,2003,桶杯装速食面,200303,禽肉口味,7296,8.0,31.8,36.8
20,粮油,2003,桶杯装速食面,200304,海鲜口味,12390,13.0,50.8,50.8
20,粮油,2003,桶杯装速食面,200399,其他桶杯装面,3065,10.0,58.2,58.2
20,粮油,2004,即食制品,200401,粉类米线,2550,30.0,111.0,3.7
20,粮油,2004,即食制品,200402,即食粥,1757,1.0,3.7,3.7
20,粮油,2004,即食制品,200499,其它既食制品,2265,1.0,3.9,3.9
20,粮油,2005,煮食面/粉,200501,挂面,191147,294.0,1598.8,1504.5
20,粮油,2005,煮食面/粉,200502,杂粮挂面,16888,27.0,231.70000000000002,218.3
20,粮油,2005,煮食面/粉,200503,儿童挂面,9856,11.0,80.5,80.5
20,粮油,2005,煮食面/粉,200505,鸡蛋挂面,47548,51.0,244.6,258.8
20,粮油,2005,煮食面/粉,200506,蔬菜挂面,5072,10.0,59.6,59.8
20,粮油,2005,煮食面/粉,200508,意大利面,862,3.0,40.900000000000006,40.900000000000006
20,粮油,2005,煮食面/粉,200599,其他煮食面/粉,68525,32.136,258.44,636.7
20,粮油,2006,五谷杂粮,200601,散称白米,115254,740.585,3664.61,852.32
20,粮油,2006,五谷杂粮,200602,袋装白米,59930,72.0,3361.2,3385.1
20,粮油,2006,五谷杂粮,200603,常规面粉,70662,99.0,2285.5,2445.0
20,粮油,2006,五谷杂粮,200604,糯米粉,31299,51.0,364.90000000000003,252.8
20,粮油,2006,五谷杂粮,200605,饺子粉,11007,19.0,576.5,583.5
20,粮油,2006,五谷杂粮,200606,豆,35596,45.092,602.77,597.1
20,粮油,2006,五谷杂粮,200607,杂粮,114069,128.197,1504.8,1768.14
20,粮油,2006,五谷杂粮,200608,杂粮粉,40208,52.976,251.09,262.98
20,粮油,2006,五谷杂粮,200609,泰国香米,1836,1.0,69.0,69.0
20,粮油,2006,五谷杂粮,200699,其他五谷杂粮,348,3.0,53.7,18.9
20,粮油,2007,南北干货,200701,木耳,24835,11.048,652.61,3711.0
20,粮油,2007,南北干货,200702,银耳,14133,11.224,288.44,1179.0
20,粮油,2007,南北干货,200703,菇类,9969,5.09,205.56,938.4
20,粮油,2007,南北干货,200704,蔬菜,28688,19.244,467.46,1728.1
20,粮油,2007,南北干货,200705,桂圆,30205,31.462,591.89,848.9
20,粮油,2007,南北干货,200706,红枣,46500,52.992,1146.06,2270.2999999999997
20,粮油,2007,南北干货,200707,蜜枣,1190,1.676,24.58,35.2
20,粮油,2007,南北干货,200708,干果,15185,19.0,445.2,445.7
20,粮油,2007,南北干货,200709,粉丝/条,74900,91.728,535.69,751.1
20,粮油,2007,南北干货,200710,南北货礼盒,748,2.0,53.8,61.8
20,粮油,2007,南北干货,200711,豆制品,22969,4.542,95.31,487.0
20,粮油,2007,南北干货,200799,其他南北干货,6688,0.952,66.64,350.0
20,粮油,2008,调味料,200801,99%味精,30595,42.0,181.8,168.5
20,粮油,2008,调味料,200802,80%味精,7447,18.0,47.5,42.5
20,粮油,2008,调味料,200803,鸡精,75387,112.0,792.2,813.6
20,粮油,2008,调味料,200804,其他鲜味精,20817,23.0,169.79999999999998,169.79999999999998
20,粮油,2008,调味料,200805,香辛粉,113644,135.0,693.7,671.2
20,粮油,2008,调味料,200806,香辛料,61021,51.736,268.55,848.5
20,粮油,2008,调味料,200807,调理粉,55149,66.0,291.5,286.6
20,粮油,2008,调味料,200808,包装汤料,2176,3.0,18.3,18.3
20,粮油,2008,调味料,200809,淀/酵/碱粉,70332,124.0,250.1,211.0
20,粮油,2008,调味料,200811,即食汤料,3790,7.0,78.1,78.1
20,粮油,2008,调味料,200899,其他调味料,587,3.0,26.700000000000003,26.700000000000003
20,粮油,2009,盐/糖,200901,普通盐,3980,8.0,12.0,9.0
20,粮油,2009,盐/糖,200902,功能盐,214385,322.0,827.9,651.4
20,粮油,2009,盐/糖,200903,绵白糖,92085,114.0,765.1,672.7
20,粮油,2009,盐/糖,200904,白砂糖,4110,6.0,47.8,48.0
20,粮油,2009,盐/糖,200905,红糖,17994,23.0,133.1,129.20000000000002
20,粮油,2009,盐/糖,200906,冰糖,44863,54.0,375.0,371.7
20,粮油,2009,盐/糖,200907,功能糖,23277,27.0,247.70000000000002,247.70000000000002
20,粮油,2009,盐/糖,200999,其他盐/糖,5123,8.0,93.6,93.6
20,粮油,2010,食用油,201001,大豆油,24459,25.0,947.5,897.8
20,粮油,2010,食用油,201002,调和油,41574,50.0,2940.0,3098.6
20,粮油,2010,食用油,201003,花生油,52997,58.0,6124.0,6598.5
20,粮油,2010,食用油,201004,玉米油,38906,39.0,2408.6,2661.9
20,粮油,2010,食用油,201005,葵花籽油,4013,5.0,288.1,324.1
20,粮油,2010,食用油,201006,橄榄油,1702,2.0,83.8,83.8
20,粮油,2010,食用油,201007,菜籽油,145,1.0,89.0,89.0
20,粮油,2010,食用油,201008,山茶油/野茶油,87,1.0,87.9,87.9
20,粮油,2011,液体调料,201101,老抽酱油,76857,83.0,566.0,584.3
20,粮油,2011,液体调料,201102,生抽酱油,108729,140.0,1119.2,1246.7
20,粮油,2011,液体调料,201103,凉拌酱油,127475,198.0,1095.2,1155.0
20,粮油,2011,液体调料,201104,其他酱油,67021,297.0,1332.2,1081.0
20,粮油,2011,液体调料,201105,香醋,32467,37.0,182.5,188.9
20,粮油,2011,液体调料,201106,陈醋,17885,23.0,87.7,86.4
20,粮油,2011,液体调料,201107,滴醋,177527,197.0,1081.3999999999999,1067.1
20,粮油,2011,液体调料,201108,米醋,5226,8.0,59.1,55.400000000000006
20,粮油,2011,液体调料,201109,白醋,28241,33.0,97.5,81.3
20,粮油,2011,液体调料,201110,其他醋,11179,13.0,77.7,89.7
20,粮油,2011,液体调料,201111,料酒,196550,246.0,1017.1,1025.6
20,粮油,2011,液体调料,201112,槽/醉料,10406,19.0,119.10000000000001,71.9
20,粮油,2011,液体调料,201199,其他液体调料,10813,20.0,130.4,130.8
20,粮油,2012,调味油,201201,芝麻油,43120,45.0,620.1,682.9
20,粮油,2012,调味油,201202,辣油,1523,2.0,19.8,19.8
20,粮油,2012,调味油,201203,花椒油,863,2.0,17.0,17.0
20,粮油,2012,调味油,201299,其它调味油,31446,35.0,235.70000000000002,237.70000000000002
20,粮油,2013,调味酱,201301,番茄酱,53732,50.0,336.2,353.8
20,粮油,2013,调味酱,201302,辣酱,180026,214.0,1762.9,1781.8
20,粮油,2013,调味酱,201303,火锅底料,45916,47.0,402.0,413.1
20,粮油,2013,调味酱,201304,色拉酱,13592,19.0,196.1,204.1
20,粮油,2013,调味酱,201305,芥末酱,5388,3.0,20.700000000000003,20.700000000000003
20,粮油,2013,调味酱,201306,甜面/豆瓣酱,85125,103.0,535.8000000000001,542.4
20,粮油,2013,调味酱,201307,芝/花生调酱,13084,14.0,147.0,147.0
20,粮油,2013,调味酱,201399,其他调味酱,28895,27.0,266.1,263.6
20,粮油,2014,酱菜类,201401,榨菜,324145,696.0,695.8,451.09999999999997
20,粮油,2014,酱菜类,201402,瓜类,20649,27.0,163.0,149.0
20,粮油,2014,酱菜类,201403,笋类,53434,85.0,202.7,172.4
20,粮油,2014,酱菜类,201404,蔬菜,101259,184.0,688.7,622.5
20,粮油,2014,酱菜类,201405,腐乳,52725,74.0,499.70000000000005,533.6
20,粮油,2014,酱菜类,201499,其它酱菜,54189,25.766,177.45,558.3000000000001
20,粮油,2015,罐头,201501,八宝粥,124466,595.0,2263.2999999999997,700.6
20,粮油,2015,罐头,201502,水果罐头,74676,85.0,769.1,786.5
20,粮油,2015,罐头,201503,蔬菜罐头,11162,12.0,98.0,103.2
20,粮油,2015,罐头,201504,鱼类罐头,11926,15.0,159.70000000000002,159.70000000000002
20,粮油,2015,罐头,201505,肉类罐头,54118,62.0,747.0,705.5
21,冲调,2101,奶粉,210103,幼儿奶粉,3826,9.0,456.2,456.2
21,冲调,2101,奶粉,210104,儿童奶粉,439,1.0,62.0,62.0
21,冲调,2101,奶粉,210105,婴幼儿米粉,543,1.0,25.9,25.9
21,冲调,2101,奶粉,210106,婴儿辅助食品,6266,10.0,70.0,70.0
21,冲调,2101,奶粉,210107,全脂奶粉,11117,14.0,382.59999999999997,398.59999999999997
21,冲调,2101,奶粉,210108,低/脱脂奶粉,1215,1.0,39.0,39.0
21,冲调,2101,奶粉,210109,营养奶粉,2888,4.0,83.6,83.6
21,冲调,2101,奶粉,210110,孕妇奶粉,724,1.0,62.0,62.0
21,冲调,2101,奶粉,210111,中老年奶粉,3243,7.0,283.0,283.0
21,冲调,2101,奶粉,210199,其他成人奶粉,5534,8.0,278.4,288.0
21,冲调,2102,茶叶,210202,包装茶,18002,28.0,371.8,349.8
21,冲调,2103,咖啡,210301,咖啡,47507,55.0,822.7,891.3
21,冲调,2103,咖啡,210302,炼乳,4747,5.0,64.5,64.5
21,冲调,2103,咖啡,210303,咖啡伴侣,5432,5.0,78.9,78.9
21,冲调,2104,冲饮品,210401,果味饮品,3508,6.0,58.4,58.4
21,冲调,2104,冲饮品,210402,奶茶饮品,81978,129.0,538.8000000000001,511.0
21,冲调,2104,冲饮品,210499,其他冲饮品,4652,5.0,90.1,90.1
21,冲调,2105,冲调食品,210501,麦片/粉,67773,68.0,1495.6,1670.8
21,冲调,2105,冲调食品,210502,豆奶粉,39620,31.0,505.1,708.1
21,冲调,2105,冲调食品,210503,芝麻糊,40650,45.0,817.9,938.1
21,冲调,2105,冲调食品,210504,藕/葛藤粉,22342,22.0,565.9,613.3
21,冲调,2105,冲调食品,210505,核桃粉/糊,32565,24.0,1017.2,1189.0
21,冲调,2105,冲调食品,210506,莲子/桂圆_,8254,9.0,207.5,237.2
21,冲调,2105,冲调食品,210507,冲调食品礼盒,16560,17.0,1068.9,1129.4
21,冲调,2105,冲调食品,210599,其他冲调食品,3983,4.0,85.0,85.0
21,冲调,2106,蜂蜜/面包酱,210601,蜂蜜,62026,56.0,2077.1,2311.6
21,冲调,2106,蜂蜜/面包酱,210603,面包酱,7153,5.0,42.3,42.3
21,冲调,2106,蜂蜜/面包酱,210699,其他蜂蜜/面包,10932,10.0,281.0,367.4
21,冲调,2107,滋补营养品,210701,参制品,1925,2.0,236.0,306.0
21,冲调,2107,滋补营养品,210704,功能保健品,10783,12.0,1411.0,1267.0
21,冲调,2107,滋补营养品,210705,补钙/铁/锌,710,4.0,327.6,245.70000000000002
21,冲调,2108,无糖食品,210801,无糖食品,2708,2.0,51.6,51.6
22,休闲,2201,饼干,220101,苏打,64693,87.0,316.3,339.3
22,休闲,2201,饼干,220102,夹心,233826,246.0,1620.1,1594.6
22,休闲,2201,饼干,220103,威化,34658,24.576,357.19,696.2
22,休闲,2201,饼干,220104,曲奇,68692,71.316,579.9,985.8000000000001
22,休闲,2201,饼干,220105,低糖/无糖,3279,7.0,38.5,22.0
22,休闲,2201,饼干,220106,钙奶,255831,304.0,1896.7,1706.8
22,休闲,2201,饼干,220107,酥性,92372,70.998,656.23,1508.8000000000002
22,休闲,2201,饼干,220108,粗粮/蔬菜,58461,69.0,430.40000000000003,430.8
22,休闲,2201,饼干,220109,薄脆,55915,61.0,285.7,246.2
22,休闲,2201,饼干,220110,简装/压缩,54202,23.092,182.93,1011.7
22,休闲,2201,饼干,220111,趣味/休闲,356504,388.0,2064.8,2098.0
22,休闲,2201,饼干,220112,饼干礼盒,61033,63.0,2262.5,2525.3
22,休闲,2201,饼干,220113,进口饼干,38141,44.0,740.5,815.4
22,休闲,2201,饼干,220114,早餐饼,1108,2.0,13.8,13.8
22,休闲,2201,饼干,220115,散称饼干,10213,3.37,46.66,237.60000000000002
22,休闲,2201,饼干,220199,其他饼干,100306,60.412,1175.74,3619.6
22,休闲,2202,糕点,220201,派,110068,127.0,1296.2,1528.6
22,休闲,2202,糕点,220202,蛋糕,203325,135.05,2233.4,6601.400000000001
22,休闲,2202,糕点,220203,蛋卷,55571,55.0,298.2,283.2
22,休闲,2202,糕点,220204,沙琪玛,85747,78.044,877.74,1029.3
22,休闲,2202,糕点,220205,中式糕点,379010,208.178,2844.27,8450.5
22,休闲,2202,糕点,220206,煎饼,45731,41.0,270.1,287.1
22,休闲,2202,糕点,220207,糕点礼盒,2736,4.0,133.7,97.69999999999999
22,休闲,2202,糕点,220208,散称糕点,432698,154.964,3503.26,15365.7
22,休闲,2202,糕点,220298,进口糕点,19233,23.0,333.7,357.7
22,休闲,2202,糕点,220299,其他糕点,195490,162.534,1600.92,3597.1
22,休闲,2203,膨化点心,220301,米制点心,226791,191.97,1901.52,3266.0
22,休闲,2203,膨化点心,220302,袋装薯片,634468,666.374,2844.62,3095.4
22,休闲,2203,膨化点心,220303,罐装薯片,37374,39.0,345.1,345.5
22,休闲,2203,膨化点心,220304,薯条,57895,59.0,266.5,267.3
22,休闲,2203,膨化点心,220305,粟米类,59156,72.0,253.1,254.4
22,休闲,2203,膨化点心,220306,综合包,90663,100.0,3450.5,3259.2
22,休闲,2203,膨化点心,220307,进口膨化,30639,29.078,315.32,382.90000000000003
22,休闲,2203,膨化点心,220308,散称膨化,10792,1.46,76.06,390.59999999999997
22,休闲,2203,膨化点心,220399,其他膨化点心,261736,283.0,914.0,910.9
22,休闲,2204,蜜饯,220401,葡萄干,44792,42.06,763.11,1588.6
22,休闲,2204,蜜饯,220402,枣,61448,54.346,776.81,979.3
22,休闲,2204,蜜饯,220403,梅,120789,101.796,998.23,2019.1999999999998
22,休闲,2204,蜜饯,220405,山楂,197824,187.902,1321.26,1905.1000000000001
22,休闲,2204,蜜饯,220406,地瓜,18219,12.594,125.24000000000001,297.6
22,休闲,2204,蜜饯,220408,陈皮/加应子,8461,7.0,34.300000000000004,34.300000000000004
22,休闲,2204,蜜饯,220409,果蔬干,24854,39.0,377.1,362.6
22,休闲,2204,蜜饯,220499,其他蜜饯,118755,68.134,684.67,1755.5
22,休闲,2205,炒货,220501,核桃/肉,22398,16.572,522.64,789.5999999999999
22,休闲,2205,炒货,220502,带壳花生,81482,83.09,827.1800000000001,1303.3000000000002
22,休闲,2205,炒货,220503,去壳花生,46186,45.134,224.06,350.6
22,休闲,2205,炒货,220504,开心果,23584,24.95,698.9399999999999,1695.3999999999999
22,休闲,2205,炒货,220505,腰果,3129,5.0,131.5,131.5
22,休闲,2205,炒货,220506,杏仁,8158,12.0,211.79999999999998,224.6
22,休闲,2205,炒货,220507,果片,9082,9.0,50.1,50.1
22,休闲,2205,炒货,220508,松子,23913,10.756,862.38,2953.7
22,休闲,2205,炒货,220510,地瓜干,8641,9.0,46.300000000000004,47.300000000000004
22,休闲,2205,炒货,220511,锅巴,31471,33.0,104.7,102.1
22,休闲,2205,炒货,220512,豆类,167519,107.544,730.17,2133.7000000000003
22,休闲,2205,炒货,220513,香瓜子,327521,351.012,2299.77,3037.0
22,休闲,2205,炒货,220514,西瓜子,41479,44.6,529.5,724.3
22,休闲,2205,炒货,220515,南瓜子,38692,50.0,442.0,449.6
22,休闲,2205,炒货,220599,其他炒货,118752,61.448,1166.94,4668.599999999999
22,休闲,2206,即食熟制品,220601,牛肉干,114790,110.0,1353.9,1393.7
22,休闲,2206,即食熟制品,220602,猪肉干,30937,26.0,315.2,321.6
22,休闲,2206,即食熟制品,220603,禽肉,94517,146.514,713.29,794.3
22,休闲,2206,即食熟制品,220604,蛋类,30666,63.0,89.60000000000001,41.400000000000006
22,休闲,2206,即食熟制品,220605,鱼类,106911,173.008,806.7,1565.3999999999999
22,休闲,2206,即食熟制品,220606,海苔,65108,77.0,432.70000000000005,420.7
22,休闲,2206,即食熟制品,220607,豆干类,152992,150.358,954.67,2652.4
22,休闲,2206,即食熟制品,220608,肉松,47932,55.0,603.4,691.8
22,休闲,2206,即食熟制品,220699,其他即食熟制品,74494,90.784,518.75,1296.5
22,休闲,2207,糖果,220701,硬糖,79836,48.3,726.91,2156.3
22,休闲,2207,糖果,220702,奶糖,50533,43.286,575.65,1254.1
22,休闲,2207,糖果,220703,软糖,64157,71.0,353.9,355.2
22,休闲,2207,糖果,220704,夹心糖,4734,4.0,55.2,55.2
22,休闲,2207,糖果,220705,润喉糖,7350,6.0,55.0,55.0
22,休闲,2207,糖果,220706,薄荷糖,1847,4.0,7.8,7.8
22,休闲,2207,糖果,220707,棉花糖,18654,22.0,121.7,121.7
22,休闲,2207,糖果,220708,凝胶糖,35516,36.0,150.7,150.7
22,休闲,2207,糖果,220709,玩具糖,30983,36.0,173.70000000000002,166.20000000000002
22,休闲,2207,糖果,220710,棒糖,68734,74.888,269.25,1266.8
22,休闲,2207,糖果,220711,奶片,11524,23.0,81.1,81.3
22,休闲,2207,糖果,220713,糖果礼盒,4652,7.0,113.3,123.29999999999998
22,休闲,2207,糖果,220799,其他糖果,209601,132.448,2323.97,7577.7
22,休闲,2208,口香糖,220801,无糖口香糖,150024,192.0,1864.3,1747.7
22,休闲,2208,口香糖,220802,有糖口香糖,60370,71.0,377.9,364.8
22,休闲,2208,口香糖,220899,其他口香糖,6933,7.0,23.8,23.8
22,休闲,2209,巧克力,220901,威化巧克力,30243,28.0,627.6,670.7
22,休闲,2209,巧克力,220902,夹心巧克力,53874,62.0,607.4,620.6
22,休闲,2209,巧克力,220904,牛奶巧克力,62315,62.0,1000.5,1068.2
22,休闲,2209,巧克力,220905,黑/纯巧克力,41317,39.31,720.89,1446.3999999999999
22,休闲,2209,巧克力,220906,果仁巧克力,25981,26.0,579.6,681.8
22,休闲,2209,巧克力,220907,巧克力礼盒,2622,4.0,196.9,212.9
22,休闲,2209,巧克力,220999,其他巧克力,39971,8.27,928.29,4348.8
22,休闲,2210,果冻,221001,果冻/布丁,7367,12.0,34.4,32.5
22,休闲,2210,果冻,221002,吸吸冻,13707,11.138,54.519999999999996,92.6
22,休闲,2210,果冻,221003,杯装果冻,85926,95.0,390.5,404.6
22,休闲,2210,果冻,221004,立袋可吸果冻,101062,85.0,233.7,245.9
22,休闲,2210,果冻,221005,碎碎冰,36590,45.0,35.4,29.200000000000003
22,休闲,2210,果冻,221006,礼包/桶果冻,7581,11.0,67.8,67.8
22,休闲,2210,果冻,221099,其他果冻,38357,16.6,328.82,723.0
22,休闲,2211,进口食品,221101,进口休闲食品,61121,79.0,950.9,902.2
22,休闲,2212,无糖食品,221201,无糖粮油食品,11464,14.0,790.8,678.8
22,休闲,2212,无糖食品,221202,无糖休闲食品,169044,125.698,3179.93,4165.4
23,酒饮,2301,碳酸饮料,230101,可乐型,69225,93.0,371.5,345.8
23,酒饮,2301,碳酸饮料,230102,原味型,37470,50.0,232.5,191.20000000000002
23,酒饮,2301,碳酸饮料,230103,果味型,42235,50.0,171.3,171.3
23,酒饮,2301,碳酸饮料,230199,苏打盐汽水,12966,12.0,91.3,93.3
23,酒饮,2302,纯果汁,230201,纯柳橙汁,20900,24.0,225.4,205.60000000000002
23,酒饮,2302,纯果汁,230202,纯桃汁,43630,38.0,358.2,397.0
23,酒饮,2302,纯果汁,230203,纯苹果汁,36567,28.0,251.70000000000002,284.8
23,酒饮,2302,纯果汁,230204,果蔬汁,11103,18.0,54.0,36.0
23,酒饮,2302,纯果汁,230299,其他纯果汁,10084,10.0,80.3,81.5
23,酒饮,2303,果汁饮料,230301,柳橙饮料,26644,29.0,163.0,177.20000000000002
23,酒饮,2303,果汁饮料,230302,桃饮料,37452,35.0,284.2,290.5
23,酒饮,2303,果汁饮料,230304,植物蛋白饮料,163076,690.0,3229.4,1324.3
23,酒饮,2303,果汁饮料,230305,混合果汁饮料,22205,21.0,162.7,164.8
23,酒饮,2303,果汁饮料,230306,柠檬汁饮料,174,1.0,4.5,4.5
23,酒饮,2303,果汁饮料,230307,蓝莓汁饮料,378,1.0,73.0,73.0
23,酒饮,2303,果汁饮料,230309,梨汁饮料,17,1.0,4.0,4.0
23,酒饮,2303,果汁饮料,230310,芒果汁饮料,4268,2.0,15.600000000000001,18.0
23,酒饮,2303,果汁饮料,230311,荔枝饮料,2915,2.0,9.0,9.0
23,酒饮,2303,果汁饮料,230399,其他果汁饮料,61337,73.0,384.2,367.2
23,酒饮,2304,茶饮料,230401,红茶,14144,21.0,75.2,81.8
23,酒饮,2304,茶饮料,230402,绿茶,3399,4.0,9.5,10.0
23,酒饮,2304,茶饮料,230403,乌龙茶,2158,1.0,3.5,3.5
23,酒饮,2304,茶饮料,230404,奶茶,16373,16.0,117.80000000000001,123.4
23,酒饮,2304,茶饮料,230406,凉茶,5347,6.0,27.5,27.3
23,酒饮,2304,茶饮料,230499,其他茶饮料,4079,5.0,14.9,14.9
23,酒饮,2305,净水,230501,国产纯水,40060,126.0,285.6,148.7
23,酒饮,2305,净水,230502,国产矿水,45641,240.0,406.6,121.0
23,酒饮,2305,净水,230599,其他水,21730,27.0,65.5,60.3
23,酒饮,2306,运动机能饮料,230601,咖啡饮料,33327,30.0,165.1,121.3
23,酒饮,2306,运动机能饮料,230602,运动饮料,23440,22.0,90.3,90.3
23,酒饮,2306,运动机能饮料,230603,醋饮料,11654,18.0,73.1,51.2
23,酒饮,2306,运动机能饮料,230604,健康机能饮料,88193,123.0,549.6,384.0
23,酒饮,2306,运动机能饮料,230699,其他机能饮料,5542,5.0,37.2,37.2
23,酒饮,2307,乳饮料,230701,果味乳饮,50522,40.0,242.9,250.7
23,酒饮,2307,乳饮料,230702,巧克力乳饮,848,2.0,9.0,9.0
23,酒饮,2307,乳饮料,230703,纯味酸乳饮,107086,212.0,1486.6,1049.7
23,酒饮,2307,乳饮料,230704,加味酸乳饮,43633,60.0,367.4,335.2
23,酒饮,2307,乳饮料,230705,乳酸菌饮料,67686,147.0,535.1,331.5
23,酒饮,2307,乳饮料,230799,其他乳饮料,924,1.0,4.9,4.9
23,酒饮,2308,豆奶,230801,纯豆奶,4075,4.0,16.2,16.2
23,酒饮,2309,啤酒,230901,国产黄啤,120159,674.0,2178.0,517.8
23,酒饮,2309,啤酒,230903,国产生啤,3739,11.0,77.0,14.0
23,酒饮,2309,啤酒,230905,进口黑啤,3864,2.0,137.0,467.0
23,酒饮,2309,啤酒,230907,果味啤酒,4045,34.0,89.8,7.7
23,酒饮,2310,葡萄/果酒,231001,国产干红,23821,17.0,834.6,904.6
23,酒饮,2310,葡萄/果酒,231003,国产其他普通,1627,9.0,146.10000000000002,66.6
23,酒饮,2310,葡萄/果酒,231004,进口干红,1685,2.0,206.0,103.0
23,酒饮,2310,葡萄/果酒,231006,汽泡酒/香槟,10564,10.0,171.8,171.8
23,酒饮,2310,葡萄/果酒,231007,水果酒,17250,16.0,412.2,412.2
23,酒饮,2310,葡萄/果酒,231099,其他葡萄果酒,28666,35.0,583.2,415.3
23,酒饮,2311,国产白酒,231101,名酒,4655,13.0,9068.0,1768.0
23,酒饮,2311,国产白酒,231102,普通低度白酒,113583,181.0,10086.5,6071.5
23,酒饮,2311,国产白酒,231103,普通高度白酒,45006,100.0,1309.8,701.3000000000001
23,酒饮,2311,国产白酒,231104,高粱酒,3632,4.0009999999999994,51.2,51.2
23,酒饮,2312,黄酒,231201,普通黄酒,21790,24.0,499.0,472.3
23,酒饮,2312,黄酒,231299,其他黄酒,3799,2.0,32.6,32.6
23,酒饮,2313,其他国产酒,231301,国产滋补酒,16585,16.0,565.9,565.9
23,酒饮,2313,其他国产酒,231302,国产米酒,2978,3.0,20.1,20.1
23,酒饮,2314,进口酒,231401,白兰地,3251,4.0,57.6,57.6
23,酒饮,2314,进口酒,231403,伏特加,1614,1.0,39.9,39.9
23,酒饮,2314,进口酒,231404,预调酒,117546,144.0,1633.5,1637.0
23,酒饮,2314,进口酒,231406,米酒,205,1.0,15.0,15.0
23,酒饮,2314,进口酒,231499,其他进口洋酒,438,1.0,148.0,145.0
23,酒饮,2315,酒类礼盒,231501,葡萄酒礼盒,654,1.0,99.0,143.0
23,酒饮,2316,香烟,231601,国产省内香烟,78217,463.0,7201.5,1236.5
23,酒饮,2316,香烟,231602,国产省外香烟,56099,262.0,7879.5,914.0
23,酒饮,2316,香烟,231603,进口香烟,738,1.0,16.0,16.0
23,酒饮,2316,香烟,231606,烟具,4602,7.0,35.0,18.0
23,酒饮,2317,进口饮料,231701,进口碳酸,4963,9.0,51.9,33.9
23,酒饮,2317,进口饮料,231702,进口果汁,36259,48.0,317.2,254.9
23,酒饮,2317,进口饮料,231703,进口技能饮料,5024,4.0,58.0,58.0
23,酒饮,2317,进口饮料,231705,进口乳饮料,4211,3.0,20.7,20.7
30,洗化,3001,室内清洁剂,300101,地板清洁剂,94,1.0,12.9,12.9
30,洗化,3001,室内清洁剂,300102,家用清洁剂,8364,10.0,100.6,96.6
30,洗化,3002,浴厕厨清洁剂,300201,浴室清洁剂,975,1.0,16.7,16.7
30,洗化,3002,浴厕厨清洁剂,300202,洁厕剂,29262,41.0,344.3,345.2
30,洗化,3002,浴厕厨清洁剂,300203,消毒剂,22955,24.0,123.9,136.5
30,洗化,3002,浴厕厨清洁剂,300204,厨房清洁剂,17913,26.0,545.6,575.0
30,洗化,3002,浴厕厨清洁剂,300206,餐具清洁剂,52900,71.0,703.2,767.1
30,洗化,3003,芳香防霉剂,300301,放置式芳香剂,10401,10.0,64.8,64.8
30,洗化,3003,芳香防霉剂,300302,喷雾式芳香剂,2991,3.0,30.700000000000003,30.700000000000003
30,洗化,3003,芳香防霉剂,300305,防蛀防霉用品,1812,2.0,23.8,23.8
30,洗化,3003,芳香防霉剂,300306,除味剂,2069,2.0,15.8,15.8
30,洗化,3004,鞋类护理用品,300401,鞋刷、鞋檫,2678,5.0,38.5,38.5
30,洗化,3004,鞋类护理用品,300402,膏体鞋油,9035,10.0,42.6,42.6
30,洗化,3004,鞋类护理用品,300403,液体鞋油,2419,5.0,53.5,53.5
30,洗化,3004,鞋类护理用品,300499,其它皮革护理,3270,5.0,53.5,54.5
30,洗化,3005,杀虫用品,300501,喷雾杀虫剂,1938,3.0,56.8,56.8
30,洗化,3005,杀虫用品,300503,电蚊香片,1512,1.0,17.7,17.7
30,洗化,3005,杀虫用品,300504,电蚊香液,4530,3.0,76.5,76.5
30,洗化,3006,洗衣用品,300601,洗衣粉,55783,74.0,914.3,994.9
30,洗化,3006,洗衣用品,300602,洗衣液,79330,100.0,2419.0,2781.7999999999997
30,洗化,3006,洗衣用品,300604,洗衣皂,101551,161.0,1238.2,1045.3
30,洗化,3006,洗衣用品,300605,去污/干洗剂,6641,10.0,142.0,144.0
30,洗化,3006,洗衣用品,300606,衣物柔顺剂,16380,24.0,342.6,409.7
30,洗化,3006,洗衣用品,300607,衣物漂白水,3680,5.0,54.1,54.1
30,洗化,3006,洗衣用品,300699,其他洗衣用品,3642,4.0,85.6,85.6
30,洗化,3007,洗浴用品,300701,香皂,107036,101.0,566.6,591.0
30,洗化,3007,洗浴用品,300702,功能性香皂,14209,20.0,157.0,145.6
30,洗化,3007,洗浴用品,300703,洗手液,4282,4.0,58.6,58.6
30,洗化,3007,洗浴用品,300704,沐浴露,24900,28.0,502.4,592.6
30,洗化,3008,洗护发用品,300801,洗发水,81015,101.0,3494.7,3588.1
30,洗化,3008,洗护发用品,300802,润发护发,34997,38.0,759.3,772.6999999999999
30,洗化,3008,洗护发用品,300803,染发用品,7999,6.0,314.7,314.7
30,洗化,3008,洗护发用品,300804,美发造型,17188,15.0,303.5,303.5
30,洗化,3009,剃须护理用品,300901,剃须刀片,8020,5.0,177.6,177.6
30,洗化,3009,剃须护理用品,300902,剃须刀架,7155,5.0,83.5,92.6
30,洗化,3009,剃须护理用品,300903,剃须刀架套装,1234,1.0,19.9,19.9
30,洗化,3010,婴幼儿用品,301001,婴幼儿洗发水,1381,2.0,57.8,57.8
30,洗化,3010,婴幼儿用品,301002,婴幼儿沐浴露,6896,5.0,125.9,125.9
30,洗化,3010,婴幼儿用品,301003,婴幼儿香皂,811,1.0,5.9,5.9
30,洗化,3010,婴幼儿用品,301004,婴幼儿护肤用品,32169,37.0,304.7,305.8
30,洗化,3010,婴幼儿用品,301005,爽身祛痱粉,509,1.0,7.9,7.9
30,洗化,3010,婴幼儿用品,301006,婴幼儿湿纸巾,3689,5.0,31.700000000000003,36.7
30,洗化,3010,婴幼儿用品,301007,婴幼儿防晒用品,34,1.0,16.9,16.9
30,洗化,3010,婴幼儿用品,301009,花露水,5567,4.0,54.0,54.0
30,洗化,3010,婴幼儿用品,301012,洗衣液,2378,2.0,45.4,45.4
30,洗化,3010,婴幼儿用品,301099,其他婴幼儿用品,2461,1.0,69.0,69.0
30,洗化,3011,保养用品,301101,护肤用品,41243,45.0,1056.8,1058.8
30,洗化,3011,保养用品,301102,洁面乳,21525,24.0,585.4,589.4
30,洗化,3011,保养用品,301104,唇部保养品,854,1.0,11.9,11.9
30,洗化,3011,保养用品,301106,手足保养品,11937,20.0,146.7,158.70000000000002
30,洗化,3011,保养用品,301108,套装保养用品,1869,1.0,29.9,29.9
30,洗化,3012,化妆品,301205,化妆棉,1341,1.0,8.9,8.9
30,洗化,3012,化妆品,301206,化妆品工具,5226,6.0,125.39999999999999,125.39999999999999
30,洗化,3013,口腔卫生用品,301301,成人牙膏,218682,259.0,3055.1,3176.3
30,洗化,3013,口腔卫生用品,301302,儿童牙膏,28803,26.0,236.8,238.2
30,洗化,3013,口腔卫生用品,301303,成人牙刷,122716,127.0,1283.3,1406.9
30,洗化,3013,口腔卫生用品,301304,儿童牙刷,14877,15.0,120.0,122.0
30,洗化,3013,口腔卫生用品,301306,口腔清洁用品,1215,4.0,40.2,40.2
30,洗化,3014,个人卫生用品,301405,绷带/纱布,1249,2.0,2.0,2.0
30,洗化,3014,个人卫生用品,301406,棉棒/棉球,19687,17.0,43.5,43.5
30,洗化,3014,个人卫生用品,301499,其他个人卫生,1316,1.0,1.7,1.7
30,洗化,3015,计生用品,301501,安全套,13209,10.0,263.5,263.5
30,洗化,3016,纸制品,301601,卷筒纸,15013,20.0,314.9,407.4
30,洗化,3016,纸制品,301602,平板纸,39269,95.0,352.4,229.9
30,洗化,3016,纸制品,301603,无芯纸,394145,585.0,5504.1,6581.599999999999
30,洗化,3016,纸制品,301604,餐巾纸,3166,5.0,8.6,8.6
30,洗化,3016,纸制品,301605,厨房纸巾,34,1.0,5.7,5.7
30,洗化,3016,纸制品,301606,手帕纸,69147,98.0,552.3,595.0
30,洗化,3016,纸制品,301607,盒装面纸,23711,32.0,314.8,364.3
30,洗化,3016,纸制品,301608,软抽纸巾,231790,288.0,3067.7000000000003,3737.7999999999997
30,洗化,3016,纸制品,301609,湿巾纸,48085,53.0,314.8,340.9
30,洗化,3017,纸尿裤,301701,儿童纸尿裤,22655,24.0,1078.9,929.9
30,洗化,3017,纸尿裤,301702,儿童纸尿片,1657,3.0,100.8,100.8
30,洗化,3017,纸尿裤,301703,成人纸尿裤,2313,2.0,86.0,86.0
30,洗化,3017,纸尿裤,301799,其他纸尿裤,866,1.0,25.9,25.9
30,洗化,3018,卫生巾,301801,日用卫生巾,152861,207.0,1513.9,1573.8
30,洗化,3018,卫生巾,301802,夜用卫生巾,180395,258.0,1908.7,1914.8
30,洗化,3018,卫生巾,301803,卫生棉条,94,1.0,20.9,20.9
30,洗化,3018,卫生巾,301804,卫生护垫,112101,137.0,843.9,858.9
30,洗化,3018,卫生巾,301805,套装卫生巾,33962,53.0,290.5,278.1
30,洗化,3018,卫生巾,301806,进口卫生巾,2297,1.0,3.9,3.9
30,洗化,3018,卫生巾,301899,其他卫生巾,2477,2.0,19.8,19.8
31,家居,3101,煮锅,310102,汤锅,2307,1.0,49.0,49.0
31,家居,3102,炒锅,310201,煎锅,2425,1.0,109.0,109.0
31,家居,3102,炒锅,310202,无盖炒锅,1215,1.0,100.0,100.0
31,家居,3102,炒锅,310204,锅盖/配件,1091,2.0,20.0,20.0
31,家居,3104,水壶,310499,其他水壶,2454,0.0,0.0,258.0
31,家居,3105,陶瓷餐具,310501,陶瓷碗,462,1.0,9.5,9.5
31,家居,3105,陶瓷餐具,310502,陶瓷盘,1699,3.0,90.0,90.0
31,家居,3105,陶瓷餐具,310505,陶瓷杯子,1243,1.0,10.0,10.0
31,家居,3106,密胺餐具,310601,密胺碗,3669,3.0,28.0,28.0
31,家居,3106,密胺餐具,310603,密胺调羹,5970,3.0,10.5,10.5
31,家居,3106,密胺餐具,310604,密胺杯子,1264,1.0,10.0,10.0
31,家居,3107,玻璃器皿,310701,玻璃色拉碗,2864,4.0,15.8,24.0
31,家居,3107,玻璃器皿,310704,玻璃杯,1817,2.0,124.0,124.0
31,家居,3107,玻璃器皿,310705,玻璃白酒杯,3116,11.0,35.0,8.0
31,家居,3108,不锈钢餐具,310801,不锈钢碗,1279,2.0,22.0,22.0
31,家居,3108,不锈钢餐具,310899,其他不锈钢具,1981,1.0,15.0,15.0
31,家居,3109,塑料餐具,310901,微波/保鲜盒,6884,9.0,193.9,203.0
31,家居,3109,塑料餐具,310903,饭盒,1243,1.0,13.0,13.0
31,家居,3109,塑料餐具,310908,无盖塑料杯,1804,3.0,21.9,21.9
31,家居,3109,塑料餐具,310911,塑料便携杯/太,634,1.0,16.0,16.0
31,家居,3110,料理切具,311001,菜刀,968,1.0,20.0,20.0
31,家居,3110,料理切具,311002,果皮刀,8600,8.0,77.4,80.0
31,家居,3110,料理切具,311003,刨刀,1464,1.0,12.0,12.0
31,家居,3110,料理切具,311004,剪刀,2509,2.0,32.0,32.0
31,家居,3110,料理切具,311005,砧板,2306,2.0,19.8,40.0
31,家居,3110,料理切具,311007,刀/叉/更,13367,12.0,70.0,70.0
31,家居,3110,料理切具,311008,筷子,12559,15.0,138.6,153.0
31,家居,3110,料理切具,311009,开瓶器,1018,1.0,20.0,20.0
31,家居,3110,料理切具,311012,漏勺,697,1.0,20.0,20.0
31,家居,3110,料理切具,311014,锅垫/杯垫,526,6.0,60.0,10.0
31,家居,3110,料理切具,311016,打蛋器,1909,1.0,13.0,13.0
31,家居,3110,料理切具,311017,擀面杖,2053,1.0,4.0,4.0
31,家居,3110,料理切具,311019,木勺/铲,5282,5.0,61.0,61.0
31,家居,3110,料理切具,311099,其他调理切具,2290,3.0,52.0,52.0
31,家居,3111,桌上用品,311103,*****,3405,2.0,25.0,25.0
31,家居,3111,桌上用品,311104,筷笼,679,1.0,12.5,12.5
31,家居,3111,桌上用品,311105,调味盒,5971,3.0,33.0,33.0
31,家居,3111,桌上用品,311106,油壶,837,2.0,24.0,24.0
31,家居,3111,桌上用品,311108,果盘/茶盘,3078,4.0,42.7,60.0
31,家居,3112,厨房整理,311203,滴水篮,3183,2.0,14.0,14.0
31,家居,3112,厨房整理,311204,塑料盆,21477,20.0,222.8,227.0
31,家居,3112,厨房整理,311207,冰箱除味,1187,1.0,6.0,6.0
31,家居,3113,保温容器,311301,保温杯,2449,1.0,39.0,49.0
31,家居,3113,保温容器,311302,保温桶,1991,1.0,39.9,55.0
31,家居,3113,保温容器,311303,保温旅行壶,2269,1.0,28.0,28.0
31,家居,3113,保温容器,311304,儿童保温杯,203,1.0,39.0,49.0
31,家居,3114,一次性用品,311401,一次性杯子,19246,22.0,167.2,168.3
31,家居,3114,一次性用品,311402,一次性台布手套,17193,17.0,155.0,155.0
31,家居,3114,一次性用品,311403,一次性碗/盘/碟,3962,3.0,21.9,21.9
31,家居,3114,一次性用品,311405,一次性垃圾袋,35433,33.0,261.3,271.0
31,家居,3114,一次性用品,311406,牙签/牙签合/水,14487,14.0,70.3,74.9
31,家居,3114,一次性用品,311407,吸管,7074,5.0,19.0,19.0
31,家居,3114,一次性用品,311410,一次性鞋套,2387,3.0,28.0,28.0
31,家居,3114,一次性用品,311412,针线及配件,883,2.0,51.0,51.0
31,家居,3114,一次性用品,311499,其他一次性用品,3170,9.0,24.5,27.0
31,家居,3115,香/烛,311503,薰香,4835,5.0,56.0,56.0
31,家居,3115,香/烛,311599,其他香、蜡烛,562,1.0,9.9,16.0
31,家居,3116,保鲜用品,311601,简装保鲜膜,7934,8.0,42.5,42.5
31,家居,3116,保鲜用品,311602,盒装保鲜膜,9751,9.0,80.3,82.4
31,家居,3116,保鲜用品,311603,铝箔/锡纸,1640,1.0,14.0,14.0
31,家居,3116,保鲜用品,311604,保鲜袋,41141,43.0,319.8,322.0
31,家居,3117,厨房清洁,311701,钢丝球,13842,18.0,83.0,88.0
31,家居,3117,厨房清洁,311702,百洁布,27224,28.0,151.8,158.0
31,家居,3117,厨房清洁,311703,刷刷块,1227,1.0,3.0,3.0
31,家居,3117,厨房清洁,311704,抹布,8562,10.0,163.1,163.1
31,家居,3117,厨房清洁,311706,锅刷,15911,20.0,111.4,109.0
31,家居,3118,打扫用品,311801,手套,21635,32.0,326.3,330.5
31,家居,3118,打扫用品,311802,围裙/套袖,2423,4.0,29.0,29.0
31,家居,3118,打扫用品,311803,马桶刷/抽子,4152,8.0,109.9,109.9
31,家居,3118,打扫用品,311804,洗衣/鞋刷,6927,5.0,31.8,31.8
31,家居,3118,打扫用品,311805,扫把,408,1.0,9.9,14.0
31,家居,3118,打扫用品,311806,畚斗组,3896,5.0,66.7,85.0
31,家居,3118,打扫用品,311808,普通拖把,303,2.0,56.0,56.0
31,家居,3118,打扫用品,311809,胶棉拖把,7660,8.0,356.6,405.0
31,家居,3118,打扫用品,311810,尘推,236,1.0,60.0,60.0
31,家居,3118,打扫用品,311811,_把头,888,2.0,34.0,34.0
31,家居,3118,打扫用品,311812,水桶,1799,3.0,48.0,48.0
31,家居,3118,打扫用品,311813,纸篓,984,3.0,54.0,54.0
31,家居,3118,打扫用品,311816,杂物筒,2240,2.0,11.5,11.5
31,家居,3118,打扫用品,311819,苍蝇拍,371,1.0,2.0,2.0
31,家居,3118,打扫用品,311821,掸尘刷,832,1.0,9.0,9.0
31,家居,3118,打扫用品,311822,喷壶,354,1.0,6.0,6.0
31,家居,3118,打扫用品,311899,其他打扫用品,201,1.0,6.0,9.0
31,家居,3119,卫浴用品,311901,皂盒,5062,6.0,32.0,32.0
31,家居,3119,卫浴用品,311902,浴球和浴花,6391,8.0,33.5,35.0
31,家居,3119,卫浴用品,311903,搓澡巾及手套,3680,10.0,86.0,86.0
31,家居,3119,卫浴用品,311904,洗梳包,2358,2.0,17.9,17.9
31,家居,3119,卫浴用品,311907,梳子/镜子,12176,13.0,144.8,147.8
31,家居,3119,卫浴用品,311908,热水袋,6,1.0,11.5,20.0
31,家居,3119,卫浴用品,311911,牙具盒,2069,2.0,20.0,20.0
31,家居,3119,卫浴用品,311913,浴帽/干发巾,2090,3.0,36.0,36.0
31,家居,3120,洗衣用品,312001,塑料衣架,2850,3.0,36.0,36.0
31,家居,3120,洗衣用品,312002,不锈钢衣架,553,1.0,17.0,17.0
31,家居,3120,洗衣用品,312006,晒衣架/篮,1012,2.0,45.0,45.0
31,家居,3120,洗衣用品,312010,衣夹,2159,3.0,36.0,36.0
31,家居,3121,家事收纳,312102,整理箱,4724,3.0,114.0,114.0
31,家居,3121,家事收纳,312199,其他家事收纳,3587,6.0,92.0,92.0
31,家居,3122,地垫类,312205,马桶垫,18592,21.0,169.8,223.8
31,家居,3125,工具,312502,小五金,2017,5.0,93.0,93.0
31,家居,3125,工具,312505,指甲剪/钥匙扣,834,1.0,30.0,30.0
31,家居,3126,粘合用品,312601,粘钩,28144,27.0,196.6,241.0
31,家居,3126,粘合用品,312603,家居保护垫,4756,5.0,24.0,24.0
31,家居,3128,汽车用品,312804,玻璃水/添加剂,13,1.0,8.0,8.0
32,家电,3212,饮水机,321203,电水壶/煲,550,1.0,79.0,79.0
32,家电,3213,季节性电器,321399,其他季节性电器,2639,3.0,101.0,114.0
32,家电,3215,生活电器,321502,电吹风,373,1.0,69.0,69.0
32,家电,3216,刮胡用品,321601,电须刀,1571,1.0,19.9,35.0
32,家电,3216,刮胡用品,321603,剃毛刀,2110,1.0,47.0,47.0
32,家电,3217,灯具光源,321702,书写台灯,2912,3.0,74.0,74.0
32,家电,3217,灯具光源,321707,小夜灯,1553,1.0,10.3,10.3
32,家电,3217,灯具光源,321709,灯泡,3121,2.0,5.4,5.4
32,家电,3217,灯具光源,321710,节能光源,2137,4.0,68.8,68.8
32,家电,3217,灯具光源,321711,手电筒,642,2.0,30.5,30.5
32,家电,3218,电器配件,321803,插座插头,5795,6.0,164.4,164.4
32,家电,3227,电池配件,322701,干电池,25493,36.0,184.6,149.2
33,文体,3301,球类配件,330101,足球,573,1.0,36.0,36.0
33,文体,3301,球类配件,330102,篮球,372,1.0,13.9,23.0
33,文体,3301,球类配件,330104,网球,1793,1.0,5.0,9.0
33,文体,3301,球类配件,330105,羽毛球,2091,2.0,22.6,22.6
33,文体,3303,小型健身器材,330301,跳绳,176,1.0,6.7,6.7
33,文体,3313,男孩玩具,331301,车类,374,1.0,62.0,62.0
33,文体,3313,男孩玩具,331302,枪类,1691,1.0,25.7,25.7
33,文体,3314,女孩玩具,331401,娃娃,1691,1.0,49.0,109.0
33,文体,3314,女孩玩具,331403,音乐类,290,1.0,62.0,62.0
33,文体,3315,益智玩具,331504,彩泥,7877,10.0,119.5,119.5
33,文体,3315,益智玩具,331599,其他益智玩具,203,1.0,29.9,29.9
33,文体,3316,娱乐玩具,331601,棋牌类,7301,38.0,220.3,100.6
33,文体,3316,娱乐玩具,331602,室外类,294,1.0,8.3,8.3
33,文体,3316,娱乐玩具,331699,其他娱乐玩具,438,1.0,52.0,52.0
33,文体,3319,笔类,331901,圆珠笔,34,1.0,2.3,2.3
33,文体,3319,笔类,331902,钢笔,3396,4.0,32.800000000000004,32.800000000000004
33,文体,3319,笔类,331903,中性笔,34362,34.0,116.6,113.7
33,文体,3319,笔类,331904,荧光笔,975,3.0,17.9,17.9
33,文体,3319,笔类,331905,笔芯,9883,9.0,27.5,27.5
33,文体,3319,笔类,331906,记号笔,3566,4.0,12.2,12.2
33,文体,3319,笔类,331907,白板笔,1289,3.0,17.9,17.9
33,文体,3319,笔类,331908,铅笔/活动铅笔,5693,10.0,62.2,62.2
33,文体,3319,笔类,331909,铅芯,9618,9.0,15.299999999999999,15.299999999999999
33,文体,3319,笔类,331910,笔礼盒,556,1.0,6.5,6.5
33,文体,3319,笔类,331999,其他笔类,2127,7.0,15.399999999999999,15.399999999999999
33,文体,3320,美术用品,332002,毛笔,284,1.0,3.3,3.3
33,文体,3320,美术用品,332003,水彩笔,14192,10.0,257.2,257.2
33,文体,3320,美术用品,332005,油画棒,3384,2.0,18.6,18.6
33,文体,3320,美术用品,332006,蜡笔,3034,2.0,32.5,38.5
33,文体,3320,美术用品,332007,素描纸,91,1.0,6.3,6.3
33,文体,3320,美术用品,332099,其他美术用品,10445,9.0,25.7,25.7
33,文体,3321,学生用品,332101,尺类,2515,3.0,5.6,5.6
33,文体,3321,学生用品,332102,修正液/带,13321,20.0,76.8,76.8
33,文体,3321,学生用品,332103,橡皮,11076,13.0,26.8,26.8
33,文体,3321,学生用品,332104,剪刀美工刀,3830,5.0,15.5,15.0
33,文体,3321,学生用品,332105,卷笔器,4628,3.0,9.3,9.3
33,文体,3321,学生用品,332106,笔盒/笔袋,983,1.0,3.3,3.3
33,文体,3321,学生用品,332109,墨水,144,1.0,5.3,5.3
33,文体,3321,学生用品,332110,圆规,963,1.0,27.0,27.0
33,文体,3321,学生用品,332112,计算器,244,1.0,42.0,42.0
33,文体,3321,学生用品,332199,其他学生用品,3117,3.0,18.3,18.3
33,文体,3322,胶水胶带,332201,固体胶,6647,7.0,11.1,11.1
33,文体,3322,胶水胶带,332202,液体胶,5306,10.0,24.7,16.6
33,文体,3322,胶水胶带,332203,封箱胶带配件,294,1.0,8.3,8.3
33,文体,3322,胶水胶带,332204,文具胶带配件,484,1.0,0.5,0.5
33,文体,3322,胶水胶带,332205,双面胶,7580,9.0,38.5,33.800000000000004
33,文体,3322,胶水胶带,332206,易事贴,2636,3.0,8.899999999999999,8.899999999999999
33,文体,3323,本类,332301,便签本,6132,6.0,26.2,26.2
33,文体,3323,本类,332302,练习簿,9303,19.0,37.8,35.0
33,文体,3323,本类,332303,记事本,1588,3.0,27.900000000000002,27.900000000000002
33,文体,3323,本类,332307,软面本,404,1.0,3.3,3.3
33,文体,3323,本类,332399,其他本类,2689,3.0,8.2,8.2
33,文体,3325,档案用品,332501,资料袋,2561,2.0,6.0,6.0
33,文体,3325,档案用品,332504,夹子,1211,3.0,28.900000000000002,28.900000000000002
33,文体,3326,办公配件,332603,图钉/针,144,1.0,4.7,4.7
33,文体,3326,办公配件,332608,白板,298,1.0,20.3,20.3
33,文体,3326,办公配件,332699,其他办公配件,1384,1.0,4.3,4.3
33,文体,3328,包装材料,332803,红包,6454,28.0,10.3,2.9
33,文体,3330,节庆饰品,333002,春节饰品,12802,10.0,87.4,158.0
34,针织,3401,童内衣裤,340101,盒装童内裤,1532,1.0,25.5,25.5
34,针织,3401,童内衣裤,340105,童内衣裤套装,718,2.0,119.8,119.8
34,针织,3402,女内衣裤,340201,盒装女内裤,15305,17.0,394.5,418.8
34,针织,3402,女内衣裤,340202,简装女内裤,11408,13.0,128.5,128.5
34,针织,3402,女内衣裤,340205,女内衣裤套装,1612,2.0,179.0,179.0
34,针织,3402,女内衣裤,340207,女毛裤,1501,3.0,90.9,98.0
34,针织,3403,男内衣裤,340301,盒装男内裤,10825,15.0,469.4,489.7
34,针织,3403,男内衣裤,340303,男短长袖内衣,748,1.0,8.9,17.0
34,针织,3403,男内衣裤,340305,男内衣裤套装,1799,2.0,274.0,274.0
34,针织,3403,男内衣裤,340306,男毛裤,1216,1.0,119.0,130.0
34,针织,3404,文胸,340403,文胸,2344,1.0,58.0,58.0
34,针织,3406,童袜,340601,儿童袜,3875,4.0,35.9,39.0
34,针织,3407,女袜,340701,女棉长/短筒袜,15900,24.0,142.2,161.3
34,针织,3407,女袜,340702,女运动袜,2456,1.0,3.9,5.5
34,针织,3407,女袜,340703,女短筒丝袜,31854,27.0,167.5,211.8
34,针织,3407,女袜,340704,女中筒丝袜,78,1.0,11.0,11.0
34,针织,3407,女袜,340799,其他女袜,1833,3.0,93.0,93.0
34,针织,3408,男袜,340802,男绅士袜,23994,32.0,281.8,282.4
34,针织,3408,男袜,340803,男运动袜,5445,6.0,52.2,61.3
34,针织,3408,男袜,340899,其他男袜,3101,5.0,43.9,54.7
34,针织,3409,床品单/套件,340901,枕套,20,1.0,12.9,17.0
34,针织,3409,床品单/套件,340902,被套,551,2.0,39.8,40.0
34,针织,3409,床品单/套件,340903,床单/裙/笠,40,2.0,89.8,110.0
34,针织,3409,床品单/套件,340906,四件套及以上,1336,4.0,159.6,207.0
34,针织,3410,枕/靠/坐垫,341002,功能枕,464,1.0,20.0,20.0
34,针织,3410,枕/靠/坐垫,341004,靠垫,1637,6.0,97.5,95.0
34,针织,3412,毯子,341204,晴纶毯,1513,3.0,59.699999999999996,90.0
34,针织,3412,毯子,341206,双人电热毯,1473,4.0,336.9,377.0
34,针织,3415,毛巾,341501,素色方巾,3314,4.0,39.8,39.8
34,针织,3415,毛巾,341502,花色方巾,13431,20.0,132.4,128.6
34,针织,3415,毛巾,341504,花色童面巾,5055,7.0,62.4,68.4
34,针织,3415,毛巾,341505,素色面巾,1745,2.0,29.0,29.0
34,针织,3415,毛巾,341506,花色面巾,11126,15.0,185.9,186.8
34,针织,3415,毛巾,341599,其他毛巾,690,1.0,3.9,5.9
34,针织,3416,浴巾/袍,341601,素色浴巾,47,1.0,50.0,50.0
34,针织,3417,婴儿系列用品,341701,婴儿喂育用具,15050,10.0,231.5,231.5
34,针织,3417,婴儿系列用品,341799,其他婴儿用品,1484,1.0,45.0,45.0
34,针织,3419,童装,341902,童外套,298,1.0,49.9,85.0
34,针织,3423,女上装,342302,女长短袖衬衫,4449,3.0,59.699999999999996,105.0
34,针织,3423,女上装,342306,女（羊）毛线衫,842,1.0,29.0,59.0
34,针织,3423,女上装,342307,女单马夹/背心,52,1.0,19.9,39.9
34,针织,3423,女上装,342310,女羽绒服,3281,3.0,134.7,263.0
34,针织,3424,女下装,342401,女休闲长裤,4937,7.0,149.6,205.8
34,针织,3426,服饰饰品,342601,腰带,2186,1.0,39.9,39.9
34,针织,3426,服饰饰品,342603,围巾,91,1.0,16.0,20.0
34,针织,3426,服饰饰品,342604,口罩,3713,3.0,13.9,15.0
34,针织,3426,服饰饰品,342605,手套,3174,6.0,56.9,73.0
34,针织,3426,服饰饰品,342606,帽子,956,1.0,50.0,50.0
34,针织,3427,雨具/鞋,342701,雨伞,13789,10.0,284.9,284.9
34,针织,3428,男鞋,342804,男布胶鞋,81,1.0,14.9,23.0
34,针织,3428,男鞋,342805,男运动鞋,779,1.0,19.9,30.0
34,针织,3429,女鞋,342904,女布胶鞋,614,1.0,14.9,23.0
34,针织,3429,女鞋,342905,女运动鞋,1469,1.0,19.9,30.0
34,针织,3431,拖鞋,343101,男塑料拖鞋,2529,4.0,86.6,86.6
34,针织,3431,拖鞋,343102,女塑料拖鞋,997,7.0,149.29999999999998,149.29999999999998
34,针织,3431,拖鞋,343104,男布/绒面拖鞋,1807,2.0,49.8,64.0
34,针织,3431,拖鞋,343105,女布/绒面拖鞋,1049,2.0,25.8,48.9
34,针织,3431,拖鞋,343106,童布/绒面拖鞋,862,1.0,15.9,33.0
34,针织,3431,拖鞋,343107,鞋窝,2798,5.0,131.6,187.0
34,针织,3432,鞋配件,343201,鞋垫,2725,3.0,37.9,37.9
34,针织,3436,时装包袋,343699,其他时装包袋,553,86.0,0.0,0.0
